Time,Wavelength,Power
2024-06-13T13:49:04.799,1529.16205,-33.95773947
2024-06-13T13:49:05.048,1529.16329,-33.78823718
2024-06-13T13:49:05.275,1529.16418,-33.86158178
2024-06-13T13:49:05.514,1529.16447,-33.7675071
2024-06-13T13:49:05.748,1529.16378,-33.72634143
2024-06-13T13:49:06.012,1529.16341,-33.89339837
2024-06-13T13:49:06.235,1529.16338,-33.90405591
2024-06-13T13:49:06.462,1529.16297,-34.00116928
2024-06-13T13:49:06.709,1529.16284,-33.96855627
2024-06-13T13:49:06.933,1529.16269,-33.99027104
2024-06-13T13:49:07.178,1529.16324,-33.87216143
2024-06-13T13:49:07.415,1529.16327,-34.06713933
2024-06-13T13:49:09.728,1529.55383,-33.84049948
2024-06-13T13:49:09.996,1529.55456,-33.81951903
2024-06-13T13:49:10.221,1529.55428,-33.86158178
2024-06-13T13:49:10.462,1529.55246,-33.7675071
2024-06-13T13:49:10.708,1529.55262,-33.91473966
2024-06-13T13:49:10.935,1529.55255,-33.80906669
2024-06-13T13:49:11.174,1529.55182,-33.7161107
2024-06-13T13:49:11.411,1529.5519,-34.00116928
2024-06-13T13:49:11.673,1529.55213,-33.87216143
2024-06-13T13:49:11.896,1529.55199,-33.89339837
2024-06-13T13:49:12.131,1529.55148,-33.93618635
2024-06-13T13:49:12.378,1529.55189,-33.94694954
2024-06-13T13:49:14.844,1529.92874,-34.68521083
2024-06-13T13:49:15.096,1529.93184,-34.65973894
2024-06-13T13:49:15.353,1529.93456,-34.54692884
2024-06-13T13:49:15.576,1529.93808,-34.58420756
2024-06-13T13:49:15.829,1529.94616,-34.68521083
2024-06-13T13:49:16.064,1529.94569,-34.67245621
2024-06-13T13:49:16.319,1529.94607,-34.59670525
2024-06-13T13:49:16.552,1529.94601,-34.55931956
2024-06-13T13:49:16.798,1529.94527,-34.58420756
2024-06-13T13:49:17.046,1529.94448,-34.54692884
2024-06-13T13:49:17.277,1529.94458,-34.57174573
2024-06-13T13:49:17.516,1529.94422,-34.92144128
2024-06-13T13:49:19.272,1530.33256,-34.31798276
2024-06-13T13:49:19.536,1530.33376,-34.20216403
2024-06-13T13:49:19.779,1530.33356,-34.16801226
2024-06-13T13:49:20.049,1530.33239,-34.15668776
2024-06-13T13:49:20.280,1530.33238,-34.08935393
2024-06-13T13:49:20.516,1530.33219,-34.225082
2024-06-13T13:49:20.755,1530.33198,-34.24812155
2024-06-13T13:49:21.011,1530.33219,-34.27128398
2024-06-13T13:49:21.232,1530.3324,-34.24812155
2024-06-13T13:49:21.477,1530.33215,-34.2365865
2024-06-13T13:49:21.717,1530.33237,-34.1453927
2024-06-13T13:49:21.980,1530.33223,-34.36518915
2024-06-13T13:49:22.205,1530.33287,-34.44905551
2024-06-13T13:49:22.438,1530.33357,-34.36518915
2024-06-13T13:49:22.687,1530.33332,-34.37707136
2024-06-13T13:49:22.911,1530.33282,-34.50996738
2024-06-13T13:49:24.117,1530.35767,-38.15308569
2024-06-13T13:49:25.659,1530.73116,-34.46116973
2024-06-13T13:49:25.882,1530.72399,-34.49771647
2024-06-13T13:49:26.132,1530.72433,-34.57174573
2024-06-13T13:49:26.375,1530.72374,-34.6470588
2024-06-13T13:49:26.607,1530.72374,-34.60923901
2024-06-13T13:49:26.843,1530.72366,-34.46116973
2024-06-13T13:49:27.075,1530.72338,-34.47331784
2024-06-13T13:49:27.328,1530.72334,-34.65973894
2024-06-13T13:49:27.554,1530.72317,-34.68521083
2024-06-13T13:49:30.670,1531.10097,-34.41291429
2024-06-13T13:49:30.892,1531.10361,-34.44905551
2024-06-13T13:49:31.139,1531.10993,-34.49771647
2024-06-13T13:49:31.396,1531.11258,-34.3062609
2024-06-13T13:49:31.667,1531.11814,-34.38898616
2024-06-13T13:49:31.888,1531.11802,-34.38898616
2024-06-13T13:49:32.121,1531.11806,-34.50996738
2024-06-13T13:49:32.366,1531.11833,-34.53457337
2024-06-13T13:49:34.151,1531.51019,-36.75717545
2024-06-13T13:49:34.404,1531.50795,-33.79863945
2024-06-13T13:49:34.659,1531.50713,-33.77785977
2024-06-13T13:49:34.881,1531.50605,-33.80906669
2024-06-13T13:49:35.133,1531.50546,-33.79863945
2024-06-13T13:49:35.374,1531.50511,-33.79863945
2024-06-13T13:49:35.604,1531.50522,-33.70590401
2024-06-13T13:49:35.845,1531.50497,-33.80906669
2024-06-13T13:49:36.091,1531.50563,-33.90405591
2024-06-13T13:49:36.344,1531.50559,-34.03402904
2024-06-13T13:49:36.561,1531.50562,-33.92544977
2024-06-13T13:49:36.792,1531.50535,-34.04503778
2024-06-13T13:49:37.037,1531.50571,-33.93618635
2024-06-13T13:49:37.297,1531.50625,-34.00116928
2024-06-13T13:49:37.525,1531.50661,-34.10050399
2024-06-13T13:49:39.572,1531.91638,-36.05548319
2024-06-13T13:49:39.846,1531.90036,-34.0560745
2024-06-13T13:49:40.072,1531.89849,-34.2136079
2024-06-13T13:49:40.346,1531.89808,-34.12289035
2024-06-13T13:49:40.589,1531.89772,-34.02304814
2024-06-13T13:49:40.830,1531.89773,-34.27128398
2024-06-13T13:49:41.054,1531.89763,-34.2365865
2024-06-13T13:49:41.322,1531.89726,-34.04503778
2024-06-13T13:49:41.546,1531.89735,-34.225082
2024-06-13T13:49:41.775,1531.89686,-34.34152181
2024-06-13T13:49:42.021,1531.89698,-34.36518915
2024-06-13T13:49:42.266,1531.89717,-34.2945706
2024-06-13T13:49:42.506,1531.89719,-34.20216403
2024-06-13T13:49:44.793,1532.27368,-34.12289035
2024-06-13T13:49:45.054,1532.27507,-34.20216403
2024-06-13T13:49:45.310,1532.27789,-34.2365865
2024-06-13T13:49:45.551,1532.28633,-34.24812155
2024-06-13T13:49:45.786,1532.29158,-34.28291168
2024-06-13T13:49:46.029,1532.29226,-34.37707136
2024-06-13T13:49:46.302,1532.29131,-34.34152181
2024-06-13T13:49:46.542,1532.2919,-34.36518915
2024-06-13T13:49:46.776,1532.29145,-34.44905551
2024-06-13T13:49:47.021,1532.29116,-34.38898616
2024-06-13T13:49:47.281,1532.28956,-34.48550002
2024-06-13T13:49:47.517,1532.29005,-34.46116973
2024-06-13T13:49:50.628,1532.68275,-34.55931956
2024-06-13T13:49:50.898,1532.68059,-34.49771647
2024-06-13T13:49:51.142,1532.68154,-34.43697499
2024-06-13T13:49:51.379,1532.68137,-34.32973634
2024-06-13T13:49:51.649,1532.68091,-34.36518915
2024-06-13T13:49:51.871,1532.68096,-34.46116973
2024-06-13T13:49:52.106,1532.68077,-34.47331784
2024-06-13T13:49:52.354,1532.68086,-34.48550002
2024-06-13T13:49:52.615,1532.68028,-34.42492798
2024-06-13T13:49:55.690,1533.08664,-34.11168274
2024-06-13T13:49:55.933,1533.07432,-34.12289035
2024-06-13T13:49:56.173,1533.07408,-34.28291168
2024-06-13T13:49:56.424,1533.07276,-34.35333936
2024-06-13T13:49:56.671,1533.07218,-34.34152181
2024-06-13T13:49:56.902,1533.07234,-34.225082
2024-06-13T13:49:57.143,1533.07254,-34.225082
2024-06-13T13:49:57.378,1533.0725,-34.34152181
2024-06-13T13:49:57.647,1533.0724,-34.20216403
2024-06-13T13:49:59.724,1533.45208,-34.15668776
2024-06-13T13:49:59.962,1533.45499,-33.95773947
2024-06-13T13:50:00.143,1533.45717,-34.04503778
2024-06-13T13:50:00.336,1533.46069,-33.97940009
2024-06-13T13:50:00.521,1533.46304,-34.13412695
2024-06-13T13:50:00.756,1533.46839,-34.04503778
2024-06-13T13:50:01.024,1533.46785,-33.97940009
2024-06-13T13:50:01.294,1533.46762,-34.17936637
2024-06-13T13:50:01.532,1533.46743,-34.3062609
2024-06-13T13:50:01.770,1533.46749,-34.31798276
2024-06-13T13:50:02.011,1533.46703,-34.13412695
2024-06-13T13:50:02.273,1533.46687,-34.25968732
2024-06-13T13:50:02.499,1533.46677,-34.06713933
2024-06-13T13:50:02.731,1533.46662,-34.16801226
2024-06-13T13:50:04.750,1533.85703,-34.25968732
2024-06-13T13:50:04.990,1533.85737,-34.20216403
2024-06-13T13:50:05.236,1533.85628,-34.32973634
2024-06-13T13:50:05.476,1533.85627,-34.24812155
2024-06-13T13:50:05.702,1533.85586,-34.31798276
2024-06-13T13:50:05.954,1533.85609,-34.28291168
2024-06-13T13:50:06.176,1533.85593,-34.32973634
2024-06-13T13:50:06.427,1533.85618,-34.37707136
2024-06-13T13:50:06.669,1533.85567,-34.48550002
2024-06-13T13:50:06.902,1533.85606,-34.50996738
2024-06-13T13:50:07.144,1533.85613,-34.53457337
2024-06-13T13:50:07.389,1533.85651,-34.57174573
2024-06-13T13:50:07.637,1533.85666,-34.58420756
2024-06-13T13:50:09.857,1534.25053,-34.28291168
2024-06-13T13:50:10.091,1534.25069,-34.28291168
2024-06-13T13:50:10.333,1534.25071,-34.2945706
2024-06-13T13:50:10.591,1534.24889,-34.32973634
2024-06-13T13:50:10.819,1534.24936,-34.2365865
2024-06-13T13:50:11.048,1534.24919,-34.20216403
2024-06-13T13:50:11.304,1534.24912,-34.2136079
2024-06-13T13:50:11.546,1534.24846,-34.43697499
2024-06-13T13:50:11.804,1534.24849,-34.32973634
2024-06-13T13:50:12.029,1534.24855,-34.53457337
2024-06-13T13:50:12.282,1534.24873,-34.44905551
2024-06-13T13:50:12.507,1534.24849,-34.44905551
2024-06-13T13:50:15.822,1534.63169,-33.7675071
2024-06-13T13:50:16.054,1534.63534,-33.73659633
2024-06-13T13:50:16.310,1534.6381,-33.82999659
2024-06-13T13:50:16.553,1534.64281,-34.03402904
2024-06-13T13:50:16.810,1534.6443,-33.97940009
2024-06-13T13:50:17.038,1534.64419,-33.82999659
2024-06-13T13:50:17.287,1534.6447,-33.86158178
2024-06-13T13:50:17.511,1534.64479,-34.10050399
2024-06-13T13:50:19.496,1535.03678,-34.57174573
2024-06-13T13:50:19.768,1535.03544,-34.62180905
2024-06-13T13:50:20.000,1535.03563,-34.74955193
2024-06-13T13:50:20.266,1535.03427,-34.55931956
2024-06-13T13:50:20.488,1535.03452,-34.59670525
2024-06-13T13:50:20.716,1535.03384,-34.76253533
2024-06-13T13:50:20.963,1535.03384,-34.54692884
2024-06-13T13:50:21.205,1535.03403,-34.78861916
2024-06-13T13:50:21.447,1535.03401,-34.57174573
2024-06-13T13:50:21.678,1535.03382,-34.73660723
2024-06-13T13:50:21.945,1535.03418,-34.710833
2024-06-13T13:50:22.166,1535.03428,-34.84126156
2024-06-13T13:50:22.423,1535.03514,-34.68521083
2024-06-13T13:50:22.654,1535.03524,-34.88116639
2024-06-13T13:50:25.666,1535.44295,-34.52225295
2024-06-13T13:50:25.936,1535.42961,-34.50996738
2024-06-13T13:50:26.159,1535.42923,-34.55931956
2024-06-13T13:50:26.393,1535.42809,-34.2945706
2024-06-13T13:50:26.638,1535.42782,-34.03402904
2024-06-13T13:50:26.895,1535.42755,-34.60923901
2024-06-13T13:50:27.122,1535.42752,-34.62180905
2024-06-13T13:50:27.350,1535.42748,-34.43697499
2024-06-13T13:50:27.598,1535.4277,-34.55931956
2024-06-13T13:50:29.822,1535.81077,-34.34152181
2024-06-13T13:50:30.054,1535.81312,-34.2365865
2024-06-13T13:50:30.300,1535.81556,-34.2365865
2024-06-13T13:50:30.559,1535.82469,-34.31798276
2024-06-13T13:50:30.787,1535.82459,-34.37707136
2024-06-13T13:50:31.015,1535.82418,-34.42492798
2024-06-13T13:50:31.272,1535.82426,-34.36518915
2024-06-13T13:50:31.519,1535.82397,-34.48550002
2024-06-13T13:50:31.774,1535.82386,-34.2945706
2024-06-13T13:50:32.015,1535.82328,-34.43697499
2024-06-13T13:50:32.276,1535.82334,-34.44905551
2024-06-13T13:50:32.494,1535.82324,-34.57174573
2024-06-13T13:50:34.807,1536.21571,-34.73660723
2024-06-13T13:50:35.044,1536.21534,-34.9757288
2024-06-13T13:50:35.288,1536.21502,-34.90797478
2024-06-13T13:50:35.549,1536.21426,-34.8945499
2024-06-13T13:50:35.776,1536.21452,-34.80172006
2024-06-13T13:50:36.004,1536.21418,-34.8945499
2024-06-13T13:50:36.256,1536.21412,-34.867824
2024-06-13T13:50:36.477,1536.21373,-34.92144128
2024-06-13T13:50:36.728,1536.21394,-34.88116639
2024-06-13T13:50:36.964,1536.21426,-34.80172006
2024-06-13T13:50:37.229,1536.21443,-35.04455662
2024-06-13T13:50:37.453,1536.21481,-34.98940738
2024-06-13T13:50:37.686,1536.2148,-35.01689446
2024-06-13T13:50:39.609,1536.61804,-34.28291168
2024-06-13T13:50:39.841,1536.61078,-34.42492798
2024-06-13T13:50:40.084,1536.60998,-34.31798276
2024-06-13T13:50:40.323,1536.60926,-34.37707136
2024-06-13T13:50:40.575,1536.60887,-34.48550002
2024-06-13T13:50:40.797,1536.60816,-34.47331784
2024-06-13T13:50:41.044,1536.60765,-34.44905551
2024-06-13T13:50:41.282,1536.60811,-34.52225295
2024-06-13T13:50:41.546,1536.60753,-34.65973894
2024-06-13T13:50:41.771,1536.60762,-34.65973894
2024-06-13T13:50:42.002,1536.60757,-34.54692884
2024-06-13T13:50:42.248,1536.6078,-34.65973894
2024-06-13T13:50:42.491,1536.60785,-34.6470588
2024-06-13T13:50:45.804,1536.99313,-34.38898616
2024-06-13T13:50:46.040,1536.9968,-34.55931956
2024-06-13T13:50:46.281,1536.99929,-34.49771647
2024-06-13T13:50:46.564,1537.00471,-34.46116973
2024-06-13T13:50:46.786,1537.00486,-34.53457337
2024-06-13T13:50:47.023,1537.00497,-34.49771647
2024-06-13T13:50:47.267,1537.00531,-34.49771647
2024-06-13T13:50:47.527,1537.00429,-34.58420756
2024-06-13T13:50:49.777,1537.39559,-35.27243551
2024-06-13T13:50:50.031,1537.39611,-35.11449283
2024-06-13T13:50:50.267,1537.39587,-35.05845406
2024-06-13T13:50:50.512,1537.39525,-35.12861625
2024-06-13T13:50:50.738,1537.39535,-35.11449283
2024-06-13T13:50:50.987,1537.39503,-35.21433504
2024-06-13T13:50:51.234,1537.39552,-35.25783736
2024-06-13T13:50:51.461,1537.39559,-35.25783736
2024-06-13T13:50:51.698,1537.39552,-35.17126416
2024-06-13T13:50:51.934,1537.39564,-35.24328812
2024-06-13T13:50:52.199,1537.39571,-35.37602002
2024-06-13T13:50:52.423,1537.39604,-35.24328812
2024-06-13T13:50:52.667,1537.39679,-35.28708289
2024-06-13T13:50:55.778,1537.79627,-35.83359493
2024-06-13T13:50:56.034,1537.79234,-35.88380294
2024-06-13T13:50:56.265,1537.79044,-35.86700236
2024-06-13T13:50:56.515,1537.79032,-35.83359493
2024-06-13T13:50:56.739,1537.79026,-35.75118363
2024-06-13T13:50:56.983,1537.78977,-35.91760035
2024-06-13T13:50:57.228,1537.78917,-35.85026652
2024-06-13T13:50:57.459,1537.78921,-35.9345982
2024-06-13T13:51:00.030,1538.17887,-35.59090918
2024-06-13T13:51:00.258,1538.18161,-35.59090918
2024-06-13T13:51:00.511,1538.18492,-35.7024772
2024-06-13T13:51:00.733,1538.18804,-35.59090918
2024-06-13T13:51:00.982,1538.18774,-35.83359493
2024-06-13T13:51:01.230,1538.18743,-35.83359493
2024-06-13T13:51:01.495,1538.18779,-35.76754126
2024-06-13T13:51:01.722,1538.18717,-35.80044252
2024-06-13T13:51:01.971,1538.1863,-35.83359493
2024-06-13T13:51:02.216,1538.18649,-35.81698709
2024-06-13T13:51:02.444,1538.18695,-35.90066877
2024-06-13T13:51:02.685,1538.18671,-35.81698709
2024-06-13T13:51:04.392,1538.58262,-34.710833
2024-06-13T13:51:04.626,1538.57944,-34.710833
2024-06-13T13:51:04.871,1538.58051,-34.710833
2024-06-13T13:51:05.101,1538.58042,-34.60923901
2024-06-13T13:51:05.355,1538.57921,-34.74955193
2024-06-13T13:51:05.583,1538.57933,-34.73660723
2024-06-13T13:51:05.838,1538.5791,-34.74955193
2024-06-13T13:51:06.062,1538.57926,-34.80172006
2024-06-13T13:51:06.310,1538.57908,-34.85452247
2024-06-13T13:51:06.553,1538.5792,-34.78861916
2024-06-13T13:51:06.786,1538.57949,-34.867824
2024-06-13T13:51:07.027,1538.57983,-34.85452247
2024-06-13T13:51:07.281,1538.57988,-34.96209317
2024-06-13T13:51:07.532,1538.57983,-34.867824
2024-06-13T13:51:10.724,1538.97677,-34.31798276
2024-06-13T13:51:10.962,1538.97598,-34.34152181
2024-06-13T13:51:11.211,1538.97648,-34.20216403
2024-06-13T13:51:11.476,1538.9748,-34.2945706
2024-06-13T13:51:11.707,1538.97471,-34.31798276
2024-06-13T13:51:11.944,1538.9743,-34.28291168
2024-06-13T13:51:12.193,1538.9742,-34.25968732
2024-06-13T13:51:12.426,1538.974,-34.2945706
2024-06-13T13:51:12.675,1538.97399,-34.32973634
2024-06-13T13:51:15.039,1539.36316,-35.12861625
2024-06-13T13:51:15.275,1539.36589,-35.08638306
2024-06-13T13:51:15.525,1539.36859,-35.05845406
2024-06-13T13:51:15.759,1539.37335,-35.10041521
2024-06-13T13:51:16.018,1539.37252,-35.07239611
2024-06-13T13:51:16.258,1539.37218,-35.14278574
2024-06-13T13:51:16.524,1539.37241,-35.04455662
2024-06-13T13:51:16.758,1539.37206,-35.15700161
2024-06-13T13:51:17.015,1539.37173,-35.19993057
2024-06-13T13:51:17.250,1539.37235,-35.15700161
2024-06-13T13:51:17.503,1539.37209,-35.18557371
2024-06-13T13:51:20.781,1539.76708,-35.30177984
2024-06-13T13:51:21.027,1539.76722,-35.19993057
2024-06-13T13:51:21.263,1539.76647,-35.19993057
2024-06-13T13:51:21.508,1539.76594,-35.27243551
2024-06-13T13:51:21.739,1539.76613,-35.22878745
2024-06-13T13:51:21.994,1539.76509,-35.17126416
2024-06-13T13:51:22.224,1539.76513,-35.27243551
2024-06-13T13:51:22.469,1539.76535,-35.28708289
2024-06-13T13:51:25.014,1540.16262,-35.78396073
2024-06-13T13:51:25.252,1540.16176,-35.83359493
2024-06-13T13:51:25.500,1540.16088,-35.91760035
2024-06-13T13:51:25.733,1540.16044,-35.88380294
2024-06-13T13:51:25.988,1540.16131,-35.86700236
2024-06-13T13:51:26.219,1540.1605,-35.96879479
2024-06-13T13:51:26.476,1540.16071,-35.95166283
2024-06-13T13:51:26.702,1540.16032,-35.91760035
2024-06-13T13:51:26.962,1540.16082,-35.96879479
2024-06-13T13:51:27.199,1540.1607,-35.9345982
2024-06-13T13:51:27.451,1540.16082,-36.05548319
2024-06-13T13:51:30.243,1540.54866,-36.57577319
2024-06-13T13:51:30.507,1540.55886,-36.61543506
2024-06-13T13:51:30.751,1540.56014,-36.69586227
2024-06-13T13:51:30.987,1540.5593,-36.63540266
2024-06-13T13:51:31.235,1540.55925,-36.61543506
2024-06-13T13:51:31.496,1540.55941,-36.65546249
2024-06-13T13:51:31.732,1540.55897,-36.59555885
2024-06-13T13:51:31.981,1540.55861,-36.69586227
2024-06-13T13:51:32.214,1540.55848,-36.69586227
2024-06-13T13:51:32.481,1540.55833,-36.73664139
2024-06-13T13:51:32.714,1540.55824,-36.73664139
2024-06-13T13:51:34.499,1540.95239,-35.3313238
2024-06-13T13:51:34.741,1540.95213,-35.27243551
2024-06-13T13:51:34.977,1540.95365,-35.37602002
2024-06-13T13:51:35.219,1540.95273,-35.40607512
2024-06-13T13:51:35.469,1540.95226,-35.37602002
2024-06-13T13:51:35.702,1540.95211,-35.27243551
2024-06-13T13:51:35.949,1540.95173,-35.25783736
2024-06-13T13:51:36.184,1540.95194,-35.40607512
2024-06-13T13:51:36.454,1540.95179,-35.4668166
2024-06-13T13:51:36.680,1540.95189,-35.55955204
2024-06-13T13:51:36.923,1540.95222,-35.52841969
2024-06-13T13:51:37.164,1540.95254,-35.42118103
2024-06-13T13:51:37.431,1540.95254,-35.4515514
2024-06-13T13:51:37.653,1540.95263,-35.54395797
2024-06-13T13:51:40.671,1541.36174,-34.98940738
2024-06-13T13:51:40.935,1541.34999,-34.710833
2024-06-13T13:51:41.171,1541.34938,-34.65973894
2024-06-13T13:51:41.425,1541.34871,-34.72370099
2024-06-13T13:51:41.651,1541.34778,-34.73660723
2024-06-13T13:51:41.900,1541.34749,-34.74955193
2024-06-13T13:51:42.147,1541.34712,-34.78861916
2024-06-13T13:51:42.383,1541.3474,-34.8945499
2024-06-13T13:51:45.178,1541.74069,-35.10041521
2024-06-13T13:51:45.436,1541.74273,-35.14278574
2024-06-13T13:51:45.661,1541.74754,-35.05845406
2024-06-13T13:51:45.913,1541.74719,-35.10041521
2024-06-13T13:51:46.152,1541.74761,-35.12861625
2024-06-13T13:51:46.441,1541.74737,-35.03070352
2024-06-13T13:51:46.670,1541.74712,-35.18557371
2024-06-13T13:51:46.913,1541.74673,-35.24328812
2024-06-13T13:51:47.149,1541.74655,-35.39102157
2024-06-13T13:51:47.417,1541.74663,-35.37602002
2024-06-13T13:51:47.644,1541.74672,-35.27243551
2024-06-13T13:51:50.767,1542.14093,-35.57520231
2024-06-13T13:51:50.993,1542.14187,-35.65431096
2024-06-13T13:51:51.257,1542.14226,-35.49750892
2024-06-13T13:51:51.489,1542.14196,-35.60667306
2024-06-13T13:51:51.746,1542.14199,-35.57520231
2024-06-13T13:51:51.968,1542.14135,-35.57520231
2024-06-13T13:51:52.223,1542.14162,-35.68636236
2024-06-13T13:51:52.463,1542.14086,-35.68636236
2024-06-13T13:51:52.711,1542.14088,-35.68636236
2024-06-13T13:51:54.787,1542.55289,-36.38272164
2024-06-13T13:51:55.029,1542.54123,-36.3638802
2024-06-13T13:51:55.273,1542.53962,-36.32644079
2024-06-13T13:51:55.525,1542.53828,-36.34512015
2024-06-13T13:51:55.771,1542.538,-36.42065153
2024-06-13T13:51:56.004,1542.53822,-36.42065153
2024-06-13T13:51:56.246,1542.53805,-36.43974143
2024-06-13T13:51:56.476,1542.53807,-36.45891561
2024-06-13T13:51:56.750,1542.53773,-36.55607726
2024-06-13T13:51:56.976,1542.53792,-36.51695137
2024-06-13T13:51:57.219,1542.53809,-36.45891561
2024-06-13T13:51:57.460,1542.5381,-36.49751982
2024-06-13T13:51:59.947,1542.92833,-36.90369833
2024-06-13T13:52:00.183,1542.93111,-36.90369833
2024-06-13T13:52:00.433,1542.93372,-36.77780705
2024-06-13T13:52:00.664,1542.93853,-36.75717545
2024-06-13T13:52:00.922,1542.93832,-36.8613278
2024-06-13T13:52:01.154,1542.93842,-36.81936665
2024-06-13T13:52:01.429,1542.93821,-36.73664139
2024-06-13T13:52:01.664,1542.93778,-36.84029655
2024-06-13T13:52:01.917,1542.93722,-36.92503962
2024-06-13T13:52:02.150,1542.93739,-36.77780705
2024-06-13T13:52:02.420,1542.937,-36.81936665
2024-06-13T13:52:02.652,1542.93653,-36.84029655
2024-06-13T13:52:05.643,1543.33339,-36.3638802
2024-06-13T13:52:05.884,1543.33147,-36.53647026
2024-06-13T13:52:06.118,1543.33318,-36.57577319
2024-06-13T13:52:06.387,1543.3326,-36.53647026
2024-06-13T13:52:06.613,1543.33214,-36.51695137
2024-06-13T13:52:06.853,1543.33203,-36.47817482
2024-06-13T13:52:07.097,1543.33195,-36.55607726
2024-06-13T13:52:07.361,1543.33173,-36.65546249
2024-06-13T13:52:07.588,1543.33196,-36.73664139
2024-06-13T13:52:09.875,1543.73077,-36.47817482
2024-06-13T13:52:10.106,1543.73095,-36.38272164
2024-06-13T13:52:10.363,1543.73014,-36.45891561
2024-06-13T13:52:10.590,1543.72903,-36.42065153
2024-06-13T13:52:10.846,1543.72997,-36.43974143
2024-06-13T13:52:11.087,1543.72951,-36.47817482
2024-06-13T13:52:11.340,1543.72959,-36.61543506
2024-06-13T13:52:11.569,1543.7291,-36.53647026
2024-06-13T13:52:11.820,1543.73007,-36.59555885
2024-06-13T13:52:12.068,1543.72998,-36.6756154
2024-06-13T13:52:12.304,1543.72974,-36.61543506
2024-06-13T13:52:15.657,1544.11942,-35.98599459
2024-06-13T13:52:15.930,1544.12484,-36.19788758
2024-06-13T13:52:16.171,1544.12955,-36.10833916
2024-06-13T13:52:16.432,1544.12964,-36.17982957
2024-06-13T13:52:16.706,1544.12981,-36.21602099
2024-06-13T13:52:16.932,1544.12942,-36.10833916
2024-06-13T13:52:17.172,1544.12928,-36.16184634
2024-06-13T13:52:17.413,1544.12936,-36.19788758
2024-06-13T13:52:19.988,1544.52619,-36.8613278
2024-06-13T13:52:20.213,1544.52622,-36.61543506
2024-06-13T13:52:20.458,1544.52526,-36.79853714
2024-06-13T13:52:20.709,1544.52492,-36.71620397
2024-06-13T13:52:20.940,1544.52462,-36.6756154
2024-06-13T13:52:21.181,1544.52433,-36.71620397
2024-06-13T13:52:21.415,1544.52439,-36.73664139
2024-06-13T13:52:21.686,1544.52491,-36.79853714
2024-06-13T13:52:21.915,1544.52472,-36.77780705
2024-06-13T13:52:22.156,1544.5248,-36.79853714
2024-06-13T13:52:22.395,1544.52502,-36.94648631
2024-06-13T13:52:24.878,1544.92508,-36.94648631
2024-06-13T13:52:25.113,1544.92486,-37.14442691
2024-06-13T13:52:25.363,1544.92434,-37.14442691
2024-06-13T13:52:25.624,1544.92312,-37.0333481
2024-06-13T13:52:25.877,1544.92325,-36.92503962
2024-06-13T13:52:26.111,1544.92353,-37.21246399
2024-06-13T13:52:26.362,1544.92367,-37.09965389
2024-06-13T13:52:26.591,1544.92336,-37.1219827
2024-06-13T13:52:26.850,1544.92312,-37.23538196
2024-06-13T13:52:27.078,1544.92257,-37.21246399
2024-06-13T13:52:27.335,1544.92301,-37.1219827
2024-06-13T13:52:30.908,1545.31887,-36.30784143
2024-06-13T13:52:31.148,1545.32344,-36.40164518
2024-06-13T13:52:31.403,1545.3234,-36.42065153
2024-06-13T13:52:31.673,1545.32357,-36.25251654
2024-06-13T13:52:31.905,1545.32388,-36.30784143
2024-06-13T13:52:32.145,1545.32332,-36.17982957
2024-06-13T13:52:32.379,1545.32305,-36.32644079
2024-06-13T13:52:32.648,1545.32176,-36.42065153
2024-06-13T13:52:34.910,1545.72053,-37.42321425
2024-06-13T13:52:35.154,1545.72098,-37.54487332
2024-06-13T13:52:35.385,1545.72055,-37.49579998
2024-06-13T13:52:35.658,1545.71981,-37.47146969
2024-06-13T13:52:35.898,1545.71943,-37.47146969
2024-06-13T13:52:36.154,1545.71889,-37.56961951
2024-06-13T13:52:36.384,1545.71907,-37.54487332
2024-06-13T13:52:36.657,1545.71883,-37.52026734
2024-06-13T13:52:36.886,1545.71929,-37.49579998
2024-06-13T13:52:37.126,1545.71934,-37.61953897
2024-06-13T13:52:37.358,1545.71934,-37.59450752
2024-06-13T13:52:37.620,1545.71954,-37.69551079
2024-06-13T13:52:39.900,1546.13505,-38.23908741
2024-06-13T13:52:40.160,1546.11988,-38.12479279
2024-06-13T13:52:40.394,1546.11821,-38.09668302
2024-06-13T13:52:40.647,1546.1173,-38.26813732
2024-06-13T13:52:40.873,1546.11767,-38.09668302
2024-06-13T13:52:41.135,1546.11689,-38.01342913
2024-06-13T13:52:41.366,1546.11695,-38.12479279
2024-06-13T13:52:41.617,1546.11705,-37.95880017
2024-06-13T13:52:41.844,1546.11689,-38.18156412
2024-06-13T13:52:42.099,1546.1176,-38.32682665
2024-06-13T13:52:42.342,1546.11749,-38.23908741
2024-06-13T13:52:42.590,1546.11768,-38.35647144
2024-06-13T13:52:45.618,1546.51101,-37.82516056
2024-06-13T13:52:45.845,1546.51271,-37.59450752
2024-06-13T13:52:46.093,1546.51917,-37.6700389
2024-06-13T13:52:46.350,1546.51888,-37.93174124
2024-06-13T13:52:46.640,1546.51919,-37.56961951
2024-06-13T13:52:46.872,1546.51898,-37.87812396
2024-06-13T13:52:47.113,1546.51893,-37.6700389
2024-06-13T13:52:47.345,1546.51891,-37.56961951
2024-06-13T13:52:47.606,1546.5174,-37.69551079
2024-06-13T13:52:49.842,1546.91699,-37.74690718
2024-06-13T13:52:50.082,1546.91741,-37.49579998
2024-06-13T13:52:50.325,1546.91686,-37.18966633
2024-06-13T13:52:50.592,1546.91571,-37.69551079
2024-06-13T13:52:50.821,1546.91567,-37.35182177
2024-06-13T13:52:51.052,1546.91532,-37.93174124
2024-06-13T13:52:51.301,1546.91542,-37.44727495
2024-06-13T13:52:51.561,1546.91549,-37.61953897
2024-06-13T13:52:51.794,1546.91555,-37.74690718
2024-06-13T13:52:52.029,1546.91569,-37.54487332
2024-06-13T13:52:52.279,1546.9161,-37.6700389
2024-06-13T13:52:52.510,1546.91592,-37.87812396
2024-06-13T13:52:52.761,1546.91617,-37.61953897
2024-06-13T13:52:55.060,1547.3179,-36.8613278
2024-06-13T13:52:55.304,1547.31701,-37.14442691
2024-06-13T13:52:55.549,1547.31568,-37.16698771
2024-06-13T13:52:55.782,1547.31546,-37.30487056
2024-06-13T13:52:56.027,1547.31544,-37.32828272
2024-06-13T13:52:56.277,1547.31554,-37.25842151
2024-06-13T13:52:56.510,1547.31539,-37.23538196
2024-06-13T13:52:56.774,1547.31554,-37.14442691
2024-06-13T13:52:57.020,1547.3156,-37.07743929
2024-06-13T13:52:57.285,1547.31545,-36.53647026
2024-06-13T13:52:57.521,1547.31545,-36.88246139
2024-06-13T13:53:01.937,1547.71152,-36.57577319
2024-06-13T13:53:02.171,1547.71584,-36.3638802
2024-06-13T13:53:02.416,1547.71651,-36.55607726
2024-06-13T13:53:02.654,1547.71618,-36.65546249
2024-06-13T13:53:04.731,1548.11361,-37.32828272
2024-06-13T13:53:04.964,1548.11441,-37.47146969
2024-06-13T13:53:05.235,1548.11449,-37.25842151
2024-06-13T13:53:05.464,1548.11431,-37.44727495
2024-06-13T13:53:05.705,1548.11379,-37.35182177
2024-06-13T13:53:05.942,1548.11402,-37.28158393
2024-06-13T13:53:06.211,1548.11314,-37.35182177
2024-06-13T13:53:06.438,1548.11339,-37.56961951
2024-06-13T13:53:06.675,1548.11339,-37.47146969
2024-06-13T13:53:06.918,1548.11362,-37.42321425
2024-06-13T13:53:07.205,1548.11356,-37.1219827
2024-06-13T13:53:07.427,1548.11317,-37.30487056
2024-06-13T13:53:07.663,1548.11332,-37.23538196
2024-06-13T13:53:10.634,1548.52908,-37.93174124
2024-06-13T13:53:10.887,1548.51912,-37.85156152
2024-06-13T13:53:11.117,1548.51516,-37.79891912
2024-06-13T13:53:11.379,1548.51296,-37.74690718
2024-06-13T13:53:11.611,1548.51331,-37.74690718
2024-06-13T13:53:11.869,1548.51299,-37.74690718
2024-06-13T13:53:12.093,1548.51277,-37.59450752
2024-06-13T13:53:12.349,1548.51314,-37.6700389
2024-06-13T13:53:12.589,1548.51309,-37.72113295
2024-06-13T13:53:15.852,1548.91436,-37.85156152
2024-06-13T13:53:16.080,1548.91623,-37.82516056
2024-06-13T13:53:16.344,1548.91636,-38.04100348
2024-06-13T13:53:16.591,1548.91671,-38.15308569
2024-06-13T13:53:16.863,1548.91564,-37.93174124
2024-06-13T13:53:17.093,1548.91542,-38.18156412
2024-06-13T13:53:17.342,1548.91491,-38.18156412
2024-06-13T13:53:19.866,1549.31534,-37.28158393
2024-06-13T13:53:20.093,1549.31558,-37.28158393
2024-06-13T13:53:20.337,1549.31525,-37.23538196
2024-06-13T13:53:20.571,1549.31484,-37.54487332
2024-06-13T13:53:20.842,1549.31426,-37.09965389
2024-06-13T13:53:21.067,1549.31449,-37.54487332
2024-06-13T13:53:21.306,1549.31437,-37.3754891
2024-06-13T13:53:21.549,1549.31446,-37.21246399
2024-06-13T13:53:21.816,1549.31387,-37.52026734
2024-06-13T13:53:22.045,1549.31417,-37.39928612
2024-06-13T13:53:22.281,1549.31431,-37.59450752
2024-06-13T13:53:22.529,1549.31468,-37.44727495
2024-06-13T13:53:25.559,1549.73051,-35.9345982
2024-06-13T13:53:25.812,1549.72091,-35.80044252
2024-06-13T13:53:26.037,1549.7153,-36.30784143
2024-06-13T13:53:26.279,1549.71383,-35.96879479
2024-06-13T13:53:26.528,1549.71295,-35.90066877
2024-06-13T13:53:26.794,1549.71358,-36.27087997
2024-06-13T13:53:27.023,1549.71346,-36.28932138
2024-06-13T13:53:27.261,1549.71318,-36.34512015
2024-06-13T13:53:27.511,1549.7134,-36.34512015
2024-06-13T13:53:30.565,1550.11032,-36.73664139
2024-06-13T13:53:30.824,1550.11457,-36.88246139
2024-06-13T13:53:31.054,1550.1178,-37.05533774
2024-06-13T13:53:31.326,1550.11741,-36.47817482
2024-06-13T13:53:31.575,1550.11736,-36.59555885
2024-06-13T13:53:31.821,1550.11717,-36.61543506
2024-06-13T13:53:32.047,1550.11659,-36.81936665
2024-06-13T13:53:32.309,1550.11617,-36.63540266
2024-06-13T13:53:32.541,1550.11594,-36.73664139
2024-06-13T13:53:32.799,1550.1158,-36.69586227
2024-06-13T13:53:34.530,1550.5213,-36.53647026
2024-06-13T13:53:34.784,1550.51623,-36.77780705
2024-06-13T13:53:35.012,1550.51746,-36.96803943
2024-06-13T13:53:35.254,1550.51738,-36.51695137
2024-06-13T13:53:35.503,1550.51718,-36.40164518
2024-06-13T13:53:35.764,1550.51621,-36.55607726
2024-06-13T13:53:35.995,1550.51625,-36.81936665
2024-06-13T13:53:36.229,1550.51622,-36.38272164
2024-06-13T13:53:36.478,1550.51637,-36.61543506
2024-06-13T13:53:36.709,1550.51609,-36.79853714
2024-06-13T13:53:36.968,1550.51642,-36.65546249
2024-06-13T13:53:37.199,1550.51644,-36.77780705
2024-06-13T13:53:37.452,1550.51676,-36.90369833
2024-06-13T13:53:40.870,1550.92872,-36.92503962
2024-06-13T13:53:41.134,1550.91746,-36.92503962
2024-06-13T13:53:41.368,1550.91689,-36.79853714
2024-06-13T13:53:41.611,1550.91648,-37.09965389
2024-06-13T13:53:41.843,1550.91649,-36.8613278
2024-06-13T13:53:42.113,1550.91641,-37.18966633
2024-06-13T13:53:42.340,1550.91637,-37.21246399
2024-06-13T13:53:42.577,1550.91616,-37.25842151
2024-06-13T13:53:45.685,1551.31477,-37.49579998
2024-06-13T13:53:45.932,1551.3208,-37.6700389
2024-06-13T13:53:46.163,1551.32014,-37.42321425
2024-06-13T13:53:46.455,1551.3201,-37.3754891
2024-06-13T13:53:46.687,1551.32004,-37.39928612
2024-06-13T13:53:46.928,1551.31985,-37.61953897
2024-06-13T13:53:47.162,1551.31975,-37.52026734
2024-06-13T13:53:47.433,1551.31911,-37.54487332
2024-06-13T13:53:47.658,1551.31877,-37.42321425
2024-06-13T13:53:50.713,1551.72729,-36.69586227
2024-06-13T13:53:50.942,1551.71928,-36.42065153
2024-06-13T13:53:51.183,1551.72057,-36.71620397
2024-06-13T13:53:51.433,1551.72019,-36.38272164
2024-06-13T13:53:51.667,1551.72021,-36.40164518
2024-06-13T13:53:51.914,1551.71998,-36.53647026
2024-06-13T13:53:52.144,1551.72009,-36.69586227
2024-06-13T13:53:52.414,1551.71931,-36.45891561
2024-06-13T13:53:52.641,1551.71965,-36.63540266
2024-06-13T13:53:54.946,1552.13526,-35.63837353
2024-06-13T13:53:55.181,1552.12637,-35.73488739
2024-06-13T13:53:55.444,1552.12108,-35.90066877
2024-06-13T13:53:55.695,1552.12099,-35.73488739
2024-06-13T13:53:55.924,1552.12154,-35.7024772
2024-06-13T13:53:56.175,1552.12129,-35.49750892
2024-06-13T13:53:56.423,1552.12079,-35.7024772
2024-06-13T13:53:56.657,1552.12118,-36.17982957
2024-06-13T13:53:56.900,1552.12126,-35.55955204
2024-06-13T13:53:57.138,1552.1213,-35.71865206
2024-06-13T13:53:57.392,1552.1217,-35.9345982
2024-06-13T13:53:57.619,1552.12172,-35.73488739
2024-06-13T13:54:00.441,1552.51987,-35.80044252
2024-06-13T13:54:00.699,1552.52088,-36.14393726
2024-06-13T13:54:00.926,1552.52453,-35.76754126
2024-06-13T13:54:01.173,1552.52596,-35.76754126
2024-06-13T13:54:01.437,1552.52661,-36.05548319
2024-06-13T13:54:01.709,1552.52553,-35.68636236
2024-06-13T13:54:01.934,1552.52513,-35.81698709
2024-06-13T13:54:02.177,1552.52438,-36.32644079
2024-06-13T13:54:02.420,1552.5242,-36.07303047
2024-06-13T13:54:02.689,1552.52399,-36.00326279
2024-06-13T13:54:05.842,1552.92458,-35.83359493
2024-06-13T13:54:06.080,1552.92651,-35.71865206
2024-06-13T13:54:06.348,1552.92546,-35.85026652
2024-06-13T13:54:06.575,1552.92594,-35.68636236
2024-06-13T13:54:06.813,1552.92554,-35.86700236
2024-06-13T13:54:07.060,1552.92567,-35.76754126
2024-06-13T13:54:07.325,1552.9254,-35.55955204
2024-06-13T13:54:07.555,1552.92513,-35.81698709
2024-06-13T13:54:07.792,1552.92492,-35.68636236
2024-06-13T13:54:10.359,1553.33018,-35.71865206
2024-06-13T13:54:10.589,1553.32963,-35.73488739
2024-06-13T13:54:10.848,1553.32691,-36.16184634
2024-06-13T13:54:11.081,1553.32717,-35.95166283
2024-06-13T13:54:11.339,1553.32741,-35.80044252
2024-06-13T13:54:11.567,1553.32742,-36.03800653
2024-06-13T13:54:11.820,1553.32784,-36.27087997
2024-06-13T13:54:12.057,1553.32787,-36.14393726
2024-06-13T13:54:12.312,1553.32794,-36.02059991
2024-06-13T13:54:12.534,1553.32789,-35.73488739
2024-06-13T13:54:15.873,1553.73311,-36.27087997
2024-06-13T13:54:16.110,1553.73216,-36.14393726
2024-06-13T13:54:16.375,1553.73255,-36.23423043
2024-06-13T13:54:16.643,1553.73339,-35.9345982
2024-06-13T13:54:16.871,1553.73268,-36.25251654
2024-06-13T13:54:17.127,1553.73206,-36.27087997
2024-06-13T13:54:17.370,1553.73165,-36.27087997
2024-06-13T13:54:17.622,1553.73161,-36.21602099
2024-06-13T13:54:20.743,1554.14405,-35.52841969
2024-06-13T13:54:21.025,1554.1339,-35.3313238
2024-06-13T13:54:21.280,1554.13346,-35.48213564
2024-06-13T13:54:21.507,1554.13233,-35.67030709
2024-06-13T13:54:21.749,1554.13319,-35.30177984
2024-06-13T13:54:22.000,1554.13293,-35.3313238
2024-06-13T13:54:22.234,1554.13275,-35.18557371
2024-06-13T13:54:22.485,1554.13267,-35.19993057
2024-06-13T13:54:25.041,1554.54159,-34.76253533
2024-06-13T13:54:25.299,1554.53821,-34.85452247
2024-06-13T13:54:25.526,1554.53758,-34.90797478
2024-06-13T13:54:25.787,1554.53477,-35.01689446
2024-06-13T13:54:26.017,1554.53557,-35.48213564
2024-06-13T13:54:26.275,1554.53562,-35.21433504
2024-06-13T13:54:26.496,1554.53564,-35.27243551
2024-06-13T13:54:26.746,1554.53591,-35.25783736
2024-06-13T13:54:26.990,1554.53586,-35.3313238
2024-06-13T13:54:27.229,1554.53589,-35.17126416
2024-06-13T13:54:27.461,1554.53629,-35.28708289
2024-06-13T13:54:30.508,1554.93688,-34.36518915
2024-06-13T13:54:30.750,1554.94133,-34.27128398
2024-06-13T13:54:30.987,1554.94094,-34.53457337
2024-06-13T13:54:31.263,1554.94105,-34.2365865
2024-06-13T13:54:31.509,1554.94035,-34.48550002
2024-06-13T13:54:31.749,1554.93986,-34.54692884
2024-06-13T13:54:31.985,1554.94009,-34.43697499
2024-06-13T13:54:32.254,1554.93943,-34.47331784
2024-06-13T13:54:32.481,1554.93931,-34.58420756
2024-06-13T13:54:32.722,1554.93904,-34.68521083
2024-06-13T13:54:36.029,1555.34344,-33.93618635
2024-06-13T13:54:36.277,1555.34331,-34.12289035
2024-06-13T13:54:36.511,1555.34238,-34.3062609
2024-06-13T13:54:36.771,1555.34266,-34.28291168
2024-06-13T13:54:37.006,1555.34157,-34.10050399
2024-06-13T13:54:37.255,1555.34167,-34.20216403
2024-06-13T13:54:37.486,1555.34177,-34.13412695
2024-06-13T13:54:39.991,1555.7562,-34.36518915
2024-06-13T13:54:40.257,1555.74943,-34.36518915
2024-06-13T13:54:40.491,1555.74754,-34.31798276
2024-06-13T13:54:40.749,1555.74579,-34.55931956
2024-06-13T13:54:40.986,1555.74631,-34.36518915
2024-06-13T13:54:41.237,1555.74615,-34.2945706
2024-06-13T13:54:41.468,1555.7456,-34.3062609
2024-06-13T13:54:41.725,1555.74541,-34.42492798
2024-06-13T13:54:41.958,1555.74536,-34.49771647
2024-06-13T13:54:42.210,1555.74542,-34.63441557
2024-06-13T13:54:42.431,1555.74583,-34.46116973
2024-06-13T13:54:45.651,1556.15108,-34.36518915
2024-06-13T13:54:45.900,1556.15153,-34.24812155
2024-06-13T13:54:46.134,1556.15098,-34.2945706
2024-06-13T13:54:46.406,1556.15091,-34.37707136
2024-06-13T13:54:46.662,1556.15035,-34.2136079
2024-06-13T13:54:46.907,1556.1501,-34.2945706
2024-06-13T13:54:47.151,1556.15009,-34.27128398
2024-06-13T13:54:47.382,1556.14991,-34.19075024
2024-06-13T13:54:47.624,1556.15011,-34.24812155
2024-06-13T13:54:49.961,1556.55424,-34.07823243
2024-06-13T13:54:50.225,1556.55429,-34.08935393
2024-06-13T13:54:50.497,1556.55465,-34.27128398
2024-06-13T13:54:50.725,1556.55438,-34.06713933
2024-06-13T13:54:50.970,1556.55373,-34.2136079
2024-06-13T13:54:51.216,1556.55387,-34.25968732
2024-06-13T13:54:51.482,1556.55353,-34.225082
2024-06-13T13:54:51.712,1556.55371,-34.53457337
2024-06-13T13:54:51.945,1556.55385,-34.225082
2024-06-13T13:54:52.195,1556.55376,-34.44905551
2024-06-13T13:54:52.421,1556.55342,-34.38898616
2024-06-13T13:54:52.681,1556.55398,-34.3062609
2024-06-13T13:54:54.906,1556.97218,-34.03402904
2024-06-13T13:54:55.164,1556.96363,-34.1453927
2024-06-13T13:54:55.388,1556.96004,-33.96855627
2024-06-13T13:54:55.645,1556.95738,-34.31798276
2024-06-13T13:54:55.883,1556.95771,-34.42492798
2024-06-13T13:54:56.134,1556.95833,-34.34152181
2024-06-13T13:54:56.364,1556.95815,-34.69800302
2024-06-13T13:54:56.615,1556.95842,-34.59670525
2024-06-13T13:54:56.865,1556.95804,-34.60923901
2024-06-13T13:54:57.104,1556.95786,-34.48550002
2024-06-13T13:54:57.342,1556.95833,-34.48550002
2024-06-13T13:54:57.595,1556.95914,-34.24812155
2024-06-13T13:55:00.913,1557.36401,-33.34419009
2024-06-13T13:55:01.163,1557.36375,-33.2330639
2024-06-13T13:55:01.422,1557.36308,-33.31614083
2024-06-13T13:55:01.680,1557.36301,-33.6552273
2024-06-13T13:55:01.914,1557.36264,-33.60513511
2024-06-13T13:55:02.164,1557.36251,-33.55561411
2024-06-13T13:55:02.396,1557.36225,-33.5261703
2024-06-13T13:55:02.654,1557.36219,-33.49692477
2024-06-13T13:55:04.878,1557.76776,-33.30683119
2024-06-13T13:55:05.133,1557.76959,-33.35358024
2024-06-13T13:55:05.362,1557.76859,-33.11580178
2024-06-13T13:55:05.622,1557.76817,-33.28827157
2024-06-13T13:55:05.855,1557.76706,-33.2330639
2024-06-13T13:55:06.112,1557.76698,-33.36299075
2024-06-13T13:55:06.337,1557.76666,-33.18758763
2024-06-13T13:55:06.595,1557.7671,-33.29754147
2024-06-13T13:55:06.831,1557.76715,-33.49692477
2024-06-13T13:55:07.071,1557.76701,-33.26979093
2024-06-13T13:55:07.307,1557.76665,-33.20572103
2024-06-13T13:55:07.558,1557.76763,-33.45823458
2024-06-13T13:55:10.093,1558.17854,-33.19664487
2024-06-13T13:55:10.321,1558.17495,-33.00162274
2024-06-13T13:55:10.566,1558.1722,-33.10691141
2024-06-13T13:55:10.811,1558.17216,-33.05394801
2024-06-13T13:55:11.097,1558.17215,-33.16952962
2024-06-13T13:55:11.321,1558.1722,-32.98432015
2024-06-13T13:55:11.557,1558.17176,-33.2330639
2024-06-13T13:55:11.801,1558.17168,-33.25138859
2024-06-13T13:55:12.060,1558.17192,-33.26058001
2024-06-13T13:55:12.291,1558.17283,-33.44861565
2024-06-13T13:55:12.528,1558.17268,-33.37242168
2024-06-13T13:55:12.776,1558.17235,-33.22393047
2024-06-13T13:55:15.843,1558.57809,-33.28827157
2024-06-13T13:55:16.093,1558.5781,-33.28827157
2024-06-13T13:55:16.333,1558.57764,-33.400838
2024-06-13T13:55:16.605,1558.57721,-33.34419009
2024-06-13T13:55:16.830,1558.57702,-33.22393047
2024-06-13T13:55:17.081,1558.57722,-33.45823458
2024-06-13T13:55:17.309,1558.5771,-33.42944147
2024-06-13T13:55:17.570,1558.57674,-33.46787486
2024-06-13T13:55:19.812,1558.98354,-33.55561411
2024-06-13T13:55:20.070,1558.98511,-33.68556231
2024-06-13T13:55:20.297,1558.98374,-33.72634143
2024-06-13T13:55:20.560,1558.98281,-33.53596274
2024-06-13T13:55:20.791,1558.98246,-33.25138859
2024-06-13T13:55:21.046,1558.98248,-33.6251027
2024-06-13T13:55:21.278,1558.98251,-33.51639989
2024-06-13T13:55:21.548,1558.98219,-33.6552273
2024-06-13T13:55:21.783,1558.98235,-33.88276692
2024-06-13T13:55:22.039,1558.9825,-33.78823718
2024-06-13T13:55:22.268,1558.98228,-33.63512104
2024-06-13T13:55:22.553,1558.98301,-33.70590401
2024-06-13T13:55:22.814,1558.98287,-33.85102784
2024-06-13T13:55:25.367,1559.39037,-32.83996656
2024-06-13T13:55:25.594,1559.38954,-32.74905479
2024-06-13T13:55:25.838,1559.38837,-32.76544328
2024-06-13T13:55:26.095,1559.38811,-32.62012674
2024-06-13T13:55:26.352,1559.38857,-32.66000713
2024-06-13T13:55:26.580,1559.38791,-32.94992041
2024-06-13T13:55:26.835,1559.38809,-32.68411235
2024-06-13T13:55:27.078,1559.38815,-32.8567024
2024-06-13T13:55:27.332,1559.38844,-32.86509457
2024-06-13T13:55:27.563,1559.38842,-32.96708622
2024-06-13T13:55:30.592,1559.79505,-32.57274869
2024-06-13T13:55:30.832,1559.79486,-32.49491605
2024-06-13T13:55:31.071,1559.79485,-32.69217724
2024-06-13T13:55:31.358,1559.79439,-32.644011
2024-06-13T13:55:31.606,1559.79408,-32.58060922
2024-06-13T13:55:31.864,1559.79392,-32.66802735
2024-06-13T13:55:32.102,1559.79395,-32.52588192
2024-06-13T13:55:32.362,1559.79335,-32.7572413
2024-06-13T13:55:32.597,1559.79364,-32.66000713
2024-06-13T13:55:32.841,1559.79367,-32.62012674
2024-06-13T13:55:34.608,1560.213,-32.57274869
2024-06-13T13:55:34.843,1560.20045,-32.62012674
2024-06-13T13:55:35.080,1560.2006,-32.44887734
2024-06-13T13:55:35.350,1560.19938,-32.60427656
2024-06-13T13:55:35.585,1560.20003,-32.55707017
2024-06-13T13:55:35.825,1560.1995,-32.38072162
2024-06-13T13:55:36.059,1560.19937,-32.39577517
2024-06-13T13:55:36.329,1560.1992,-32.56490235
2024-06-13T13:55:36.560,1560.19927,-32.58060922
2024-06-13T13:55:36.799,1560.19903,-32.66000713
2024-06-13T13:55:37.037,1560.19916,-32.60427656
2024-06-13T13:55:37.311,1560.19892,-32.6520017
2024-06-13T13:55:37.537,1560.19945,-32.62012674
2024-06-13T13:55:37.777,1560.19916,-32.69217724
2024-06-13T13:55:40.842,1560.59015,-32.76544328
2024-06-13T13:55:41.105,1560.59463,-32.63603498
2024-06-13T13:55:41.347,1560.59785,-32.58060922
2024-06-13T13:55:41.599,1560.6015,-32.72458743
2024-06-13T13:55:41.846,1560.60778,-32.89036881
2024-06-13T13:55:42.109,1560.60773,-32.82329497
2024-06-13T13:55:42.347,1560.60786,-32.84832642
2024-06-13T13:55:42.619,1560.60705,-32.86509457
2024-06-13T13:55:44.882,1561.01242,-33.15154638
2024-06-13T13:55:45.141,1561.01179,-33.28827157
2024-06-13T13:55:45.376,1561.01112,-33.17854924
2024-06-13T13:55:45.627,1561.01083,-33.08034897
2024-06-13T13:55:45.861,1561.01071,-33.16052869
2024-06-13T13:55:46.119,1561.011,-33.29754147
2024-06-13T13:55:46.371,1561.01113,-33.30683119
2024-06-13T13:55:46.626,1561.0112,-33.03643611
2024-06-13T13:55:46.861,1561.01133,-33.28827157
2024-06-13T13:55:47.120,1561.01131,-33.42944147
2024-06-13T13:55:47.349,1561.01124,-33.37242168
2024-06-13T13:55:47.605,1561.01163,-33.19664487
2024-06-13T13:55:49.919,1561.42205,-32.87350298
2024-06-13T13:55:50.164,1561.4204,-32.69217724
2024-06-13T13:55:50.407,1561.41869,-32.7572413
2024-06-13T13:55:50.643,1561.4184,-32.71646218
2024-06-13T13:55:50.913,1561.41821,-32.74905479
2024-06-13T13:55:51.140,1561.41844,-32.79840697
2024-06-13T13:55:51.385,1561.41853,-32.8567024
2024-06-13T13:55:51.628,1561.41819,-32.71646218
2024-06-13T13:55:51.895,1561.41829,-32.79840697
2024-06-13T13:55:52.125,1561.4188,-32.95849483
2024-06-13T13:55:52.390,1561.41856,-32.92429824
2024-06-13T13:55:55.210,1561.83173,-31.97910742
2024-06-13T13:55:55.438,1561.82746,-31.9314197
2024-06-13T13:55:55.682,1561.82564,-32.02040356
2024-06-13T13:55:55.928,1561.82578,-31.91114133
2024-06-13T13:55:56.193,1561.82488,-31.73925197
2024-06-13T13:55:56.422,1561.82506,-32.00659451
2024-06-13T13:55:56.660,1561.82494,-31.93820026
2024-06-13T13:55:56.875,1561.82511,-31.89095719
2024-06-13T13:55:57.062,1561.82438,-32.16811309
2024-06-13T13:55:57.269,1561.82643,-32.11831629
2024-06-13T13:55:57.466,1561.82578,-32.14670165
2024-06-13T13:56:00.569,1562.23354,-31.95179321
2024-06-13T13:56:00.833,1562.23355,-31.65579296
2024-06-13T13:56:01.061,1562.23334,-31.75223538
2024-06-13T13:56:01.306,1562.23332,-31.81114585
2024-06-13T13:56:01.563,1562.23287,-31.79798541
2024-06-13T13:56:01.798,1562.23281,-31.64943898
2024-06-13T13:56:02.049,1562.23232,-31.73925197
2024-06-13T13:56:02.301,1562.23234,-31.79142011
2024-06-13T13:56:02.550,1562.23259,-31.91114133
2024-06-13T13:56:02.807,1562.23224,-31.81774106
2024-06-13T13:56:05.583,1562.65014,-31.91114133
2024-06-13T13:56:05.840,1562.63983,-31.8243463
2024-06-13T13:56:06.066,1562.63864,-31.84422252
2024-06-13T13:56:06.328,1562.63823,-31.81114585
2024-06-13T13:56:06.564,1562.63815,-31.86419011
2024-06-13T13:56:06.816,1562.63815,-31.87086643
2024-06-13T13:56:07.039,1562.63801,-31.88424994
2024-06-13T13:56:07.289,1562.63753,-31.87086643
2024-06-13T13:56:07.535,1562.63777,-31.73925197
2024-06-13T13:56:07.773,1562.63774,-31.95860568
2024-06-13T13:56:09.832,1563.0282,-32.52588192
2024-06-13T13:56:10.061,1563.03027,-32.31361899
2024-06-13T13:56:10.324,1563.04015,-32.41845378
2024-06-13T13:56:10.558,1563.04358,-32.2184875
2024-06-13T13:56:10.815,1563.04744,-32.44125144
2024-06-13T13:56:11.041,1563.0501,-32.10419288
2024-06-13T13:56:11.299,1563.04994,-32.37321436
2024-06-13T13:56:11.538,1563.0497,-32.42603971
2024-06-13T13:56:11.792,1563.04958,-32.33587153
2024-06-13T13:56:12.020,1563.04886,-32.23298816
2024-06-13T13:56:12.273,1563.04823,-32.47183569
2024-06-13T13:56:12.520,1563.04797,-32.36572006
2024-06-13T13:56:12.760,1563.04812,-32.43363892
2024-06-13T13:56:14.565,1563.45494,-32.77366077
2024-06-13T13:56:14.821,1563.4544,-32.915791
2024-06-13T13:56:15.049,1563.45407,-32.73272791
2024-06-13T13:56:15.311,1563.45381,-32.7083521
2024-06-13T13:56:15.543,1563.45327,-32.69217724
2024-06-13T13:56:15.803,1563.45378,-32.74088368
2024-06-13T13:56:16.030,1563.45364,-32.55707017
2024-06-13T13:56:16.303,1563.45385,-32.79840697
2024-06-13T13:56:16.551,1563.45371,-32.79840697
2024-06-13T13:56:16.805,1563.45379,-32.74905479
2024-06-13T13:56:17.033,1563.4541,-32.82329497
2024-06-13T13:56:17.298,1563.4542,-32.77366077
2024-06-13T13:56:17.529,1563.45504,-32.83162277
2024-06-13T13:56:17.789,1563.45492,-32.88192771
2024-06-13T13:56:19.872,1563.86556,-32.6520017
2024-06-13T13:56:20.132,1563.86476,-32.52588192
2024-06-13T13:56:20.365,1563.86354,-32.58848401
2024-06-13T13:56:20.622,1563.86324,-32.47183569
2024-06-13T13:56:20.856,1563.86259,-32.52588192
2024-06-13T13:56:21.114,1563.86255,-32.53365801
2024-06-13T13:56:21.336,1563.86197,-32.644011
2024-06-13T13:56:21.596,1563.86244,-32.7083521
2024-06-13T13:56:21.833,1563.86227,-32.54144805
2024-06-13T13:56:22.089,1563.86229,-32.73272791
2024-06-13T13:56:22.313,1563.86236,-32.66000713
2024-06-13T13:56:22.568,1563.86305,-32.78189385
2024-06-13T13:56:27.089,1564.25905,-32.07608311
2024-06-13T13:56:27.318,1564.26261,-31.94499142
2024-06-13T13:56:27.561,1564.26637,-31.9314197
2024-06-13T13:56:29.803,1564.67973,-31.59893906
2024-06-13T13:56:30.058,1564.6792,-31.63675884
2024-06-13T13:56:30.303,1564.67865,-31.38465589
2024-06-13T13:56:30.542,1564.67851,-31.44480844
2024-06-13T13:56:30.785,1564.67884,-31.5739076
2024-06-13T13:56:31.053,1564.67877,-31.5490196
2024-06-13T13:56:31.285,1564.67878,-31.56767222
2024-06-13T13:56:31.536,1564.6783,-31.5739076
2024-06-13T13:56:31.780,1564.67825,-31.45086978
2024-06-13T13:56:32.041,1564.67882,-31.65579296
2024-06-13T13:56:32.271,1564.67876,-31.59266765
2024-06-13T13:56:32.503,1564.67912,-31.70053304
2024-06-13T13:56:32.751,1564.67917,-31.69411331
2024-06-13T13:56:35.800,1565.0848,-32.01349355
2024-06-13T13:56:36.056,1565.08673,-32.02040356
2024-06-13T13:56:36.285,1565.08662,-32.11124884
2024-06-13T13:56:36.548,1565.08555,-31.95860568
2024-06-13T13:56:36.782,1565.08506,-31.92464972
2024-06-13T13:56:37.038,1565.08509,-31.79142011
2024-06-13T13:56:37.263,1565.08476,-32.03425667
2024-06-13T13:56:37.520,1565.08554,-32.00659451
2024-06-13T13:56:37.758,1565.08537,-32.05511953
2024-06-13T13:56:40.078,1565.47808,-32.11831629
2024-06-13T13:56:40.320,1565.48182,-32.069084
2024-06-13T13:56:40.570,1565.49194,-31.77831921
2024-06-13T13:56:40.806,1565.49602,-31.92464972
2024-06-13T13:56:41.056,1565.49858,-32.05511953
2024-06-13T13:56:41.291,1565.49804,-32.01349355
2024-06-13T13:56:41.539,1565.49799,-32.02732459
2024-06-13T13:56:41.768,1565.498,-32.02732459
2024-06-13T13:56:42.034,1565.49726,-32.13248578
2024-06-13T13:56:42.268,1565.49722,-32.09011525
2024-06-13T13:56:42.511,1565.49634,-32.05511953
2024-06-13T13:56:44.797,1565.90542,-31.95179321
2024-06-13T13:56:45.058,1565.90454,-31.80456064
2024-06-13T13:56:45.308,1565.90437,-31.75874166
2024-06-13T13:56:45.540,1565.90401,-31.70696227
2024-06-13T13:56:45.791,1565.90413,-31.8243463
2024-06-13T13:56:46.039,1565.90428,-31.75223538
2024-06-13T13:56:46.282,1565.90451,-31.90440285
2024-06-13T13:56:46.541,1565.90393,-32.00659451
2024-06-13T13:56:46.785,1565.90425,-31.8243463
2024-06-13T13:56:47.034,1565.90469,-31.81774106
2024-06-13T13:56:47.269,1565.90456,-31.87755303
2024-06-13T13:56:47.519,1565.90448,-31.90440285
2024-06-13T13:56:49.782,1566.31504,-31.71984936
2024-06-13T13:56:50.028,1566.31552,-31.75874166
2024-06-13T13:56:50.271,1566.31494,-31.77178355
2024-06-13T13:56:50.510,1566.31351,-31.71984936
2024-06-13T13:56:50.755,1566.3136,-31.74573882
2024-06-13T13:56:51.005,1566.31374,-31.85752404
2024-06-13T13:56:51.237,1566.31357,-31.71340103
2024-06-13T13:56:51.489,1566.31354,-31.70696227
2024-06-13T13:56:51.722,1566.31331,-31.79142011
2024-06-13T13:56:51.994,1566.31304,-31.68130226
2024-06-13T13:56:52.226,1566.31342,-31.77178355
2024-06-13T13:56:52.471,1566.31374,-31.77831921
2024-06-13T13:56:55.793,1566.70174,-31.70696227
2024-06-13T13:56:56.042,1566.71231,-31.53662888
2024-06-13T13:56:56.299,1566.71568,-31.53662888
2024-06-13T13:56:56.525,1566.71983,-31.35488919
2024-06-13T13:56:56.789,1566.72558,-31.5864053
2024-06-13T13:56:57.022,1566.72518,-31.58015195
2024-06-13T13:56:57.279,1566.72539,-31.61780778
2024-06-13T13:56:57.509,1566.72552,-31.56144577
2024-06-13T13:57:01.024,1567.1316,-31.3667714
2024-06-13T13:57:01.286,1567.13241,-31.22628654
2024-06-13T13:57:01.534,1567.13168,-31.1407366
2024-06-13T13:57:01.790,1567.13073,-31.22628654
2024-06-13T13:57:02.017,1567.13058,-31.21478204
2024-06-13T13:57:02.271,1567.13084,-31.39661993
2024-06-13T13:57:02.493,1567.13039,-31.24360063
2024-06-13T13:57:02.750,1567.13084,-31.23205024
2024-06-13T13:57:02.985,1567.13052,-31.23782159
2024-06-13T13:57:03.234,1567.13059,-31.37272472
2024-06-13T13:57:03.460,1567.13045,-31.29011186
2024-06-13T13:57:03.710,1567.13071,-31.35488919
2024-06-13T13:57:03.954,1567.13122,-31.3667714
2024-06-13T13:57:04.183,1567.13178,-31.30181792
2024-06-13T13:57:04.432,1567.13206,-31.49966742
2024-06-13T13:57:04.679,1567.13186,-31.49353765
2024-06-13T13:57:04.942,1567.13158,-31.59266765
2024-06-13T13:57:05.170,1567.13153,-31.59893906
2024-06-13T13:57:05.406,1567.13153,-31.53044675
2024-06-13T13:57:05.635,1567.13161,-31.59266765
2024-06-13T13:57:05.901,1567.13151,-31.66852888
2024-06-13T13:57:06.125,1567.13145,-31.84422252
2024-06-13T13:57:06.353,1567.13134,-31.70053304
2024-06-13T13:57:06.600,1567.13151,-31.75223538
2024-06-13T13:57:06.843,1567.13153,-31.92464972
2024-06-13T13:57:07.080,1567.1318,-31.84422252
2024-06-13T13:57:07.308,1567.13173,-32.0481541
2024-06-13T13:57:07.562,1567.13193,-31.71340103
2024-06-13T13:57:07.786,1567.13163,-31.90440285
2024-06-13T13:57:08.036,1567.13101,-31.85752404
2024-06-13T13:57:08.278,1567.13122,-31.9859629
2024-06-13T13:57:08.513,1567.13121,-31.9314197
2024-06-13T13:57:08.748,1567.13149,-32.13248578
2024-06-13T13:57:09.002,1567.13146,-32.02732459
2024-06-13T13:57:09.247,1567.13122,-32.14670165
2024-06-13T13:57:09.480,1567.13175,-32.13248578
2024-06-13T13:57:09.722,1567.13156,-32.00659451
2024-06-13T13:57:09.956,1567.13142,-31.97226275
2024-06-13T13:57:10.228,1567.1314,-32.04119983
2024-06-13T13:57:10.451,1567.13155,-32.0481541
2024-06-13T13:57:10.693,1567.13145,-32.13248578
2024-06-13T13:57:10.937,1567.13138,-32.21125528
2024-06-13T13:57:11.201,1567.13169,-32.11124884
2024-06-13T13:57:11.430,1567.1322,-32.069084
2024-06-13T13:57:11.669,1567.13206,-32.15382707
2024-06-13T13:57:11.916,1567.13164,-32.0481541
2024-06-13T13:57:12.151,1567.13122,-32.2475374
2024-06-13T13:57:12.404,1567.13137,-32.11124884
2024-06-13T13:57:12.656,1567.13172,-32.05511953
2024-06-13T13:57:12.904,1567.13123,-32.22573178
2024-06-13T13:57:13.139,1567.13144,-32.10419288
2024-06-13T13:57:13.386,1567.13139,-32.20403509
2024-06-13T13:57:13.615,1567.13157,-32.15382707
2024-06-13T13:57:13.886,1567.13192,-32.02732459
2024-06-13T13:57:14.115,1567.13195,-32.13248578
2024-06-13T13:57:14.360,1567.131,-32.16811309
2024-06-13T13:57:14.596,1567.13116,-32.08309351
2024-06-13T13:57:14.883,1567.13131,-32.06209615
2024-06-13T13:57:15.118,1567.1315,-32.06209615
2024-06-13T13:57:15.362,1567.13129,-32.0481541
2024-06-13T13:57:15.598,1567.13189,-31.94499142
2024-06-13T13:57:15.869,1567.13102,-32.02732459
2024-06-13T13:57:16.097,1567.13109,-31.95860568
2024-06-13T13:57:16.360,1567.1312,-31.99282922
2024-06-13T13:57:16.602,1567.1316,-32.24025669
2024-06-13T13:57:16.875,1567.13116,-32.13248578
2024-06-13T13:57:17.106,1567.13152,-32.02732459
2024-06-13T13:57:17.348,1567.13128,-32.03425667
