Timestamp,Instrument Wavelength,Instrument Intensity
2024-06-13T15:45:18.861,1527.60454,-34.1
2024-06-13T15:45:19.111,1527.60466,-33.8
2024-06-13T15:45:19.339,1527.60460,-34.1
2024-06-13T15:45:19.600,1527.60499,-33.9
2024-06-13T15:45:19.825,1527.60479,-33.6
2024-06-13T15:45:20.083,1527.60490,-34.0
2024-06-13T15:45:20.322,1527.60451,-34.0
2024-06-13T15:45:20.576,1527.60434,-34.4
2024-06-13T15:45:20.802,1527.60482,-33.7
2024-06-13T15:45:21.053,1527.60459,-34.1
2024-06-13T15:45:21.339,1527.60474,-33.9
2024-06-13T15:45:21.540,1527.60496,-34.0
2024-06-13T15:45:21.779,1527.60457,-33.7
2024-06-13T15:45:22.032,1527.60442,-34.1
2024-06-13T15:45:22.280,1527.60417,-34.0
2024-06-13T15:45:22.513,1527.60440,-33.8
2024-06-13T15:45:22.754,1527.60442,-33.8
2024-06-13T15:45:22.983,1527.60453,-33.8
2024-06-13T15:45:23.255,1527.60472,-34.5
2024-06-13T15:45:23.481,1527.60477,-34.0
2024-06-13T15:45:23.719,1527.60415,-34.4
2024-06-13T15:45:23.966,1527.60435,-34.2
2024-06-13T15:45:24.231,1527.60458,-34.1
2024-06-13T15:45:24.456,1527.60490,-34.0
2024-06-13T15:45:24.694,1527.60453,-34.0
2024-06-13T15:45:24.943,1527.60481,-33.9
2024-06-13T15:45:25.168,1527.60484,-34.3
2024-06-13T15:45:25.426,1527.60503,-34.0
2024-06-13T15:45:25.678,1527.60463,-34.0
2024-06-13T15:45:25.934,1527.60502,-33.9
2024-06-13T15:45:26.163,1527.60469,-33.9
2024-06-13T15:45:26.423,1527.60494,-33.6
2024-06-13T15:45:26.674,1531.17548,-37.2
2024-06-13T15:45:26.930,1531.17575,-36.7
2024-06-13T15:45:27.159,1530.09072,-36.2
2024-06-13T15:45:27.418,1529.66279,-36.4
2024-06-13T15:45:27.673,1530.96245,-35.8
2024-06-13T15:45:27.948,1530.11032,-34.4
2024-06-13T15:45:28.202,1527.99182,-32.8
2024-06-13T15:45:28.476,1527.99350,-32.9
2024-06-13T15:45:28.720,1527.99320,-32.9
2024-06-13T15:45:28.973,1527.99309,-33.1
2024-06-13T15:45:29.227,1527.99275,-32.8
2024-06-13T15:45:29.456,1527.99265,-33.0
2024-06-13T15:45:29.688,1527.99231,-33.2
2024-06-13T15:45:29.939,1527.99242,-32.7
2024-06-13T15:45:30.170,1527.99230,-32.7
2024-06-13T15:45:30.415,1527.99249,-33.0
2024-06-13T15:45:30.651,1527.99277,-33.0
2024-06-13T15:45:30.923,1527.99268,-33.2
2024-06-13T15:45:31.143,1527.99310,-33.3
2024-06-13T15:45:31.382,1527.99290,-33.0
2024-06-13T15:45:31.629,1527.99324,-33.0
2024-06-13T15:45:31.892,1531.21429,-35.9
2024-06-13T15:45:32.123,1531.21458,-35.8
2024-06-13T15:45:32.388,1531.21411,-35.7
2024-06-13T15:45:32.647,1529.84725,-35.9
2024-06-13T15:45:32.927,1530.08573,-35.6
2024-06-13T15:45:33.188,1529.43416,-35.7
2024-06-13T15:45:33.465,1529.64772,-35.5
2024-06-13T15:45:33.729,1529.64747,-35.6
2024-06-13T15:45:33.967,1529.64764,-35.6
2024-06-13T15:45:34.235,1528.39588,-32.6
2024-06-13T15:45:34.462,1528.38604,-32.8
2024-06-13T15:45:34.699,1528.38346,-33.0
2024-06-13T15:45:34.945,1528.38451,-32.6
2024-06-13T15:45:35.210,1528.38304,-32.9
2024-06-13T15:45:35.437,1528.38340,-32.7
2024-06-13T15:45:35.666,1528.38280,-32.8
2024-06-13T15:45:35.923,1528.38308,-32.9
2024-06-13T15:45:36.153,1528.38240,-32.7
2024-06-13T15:45:36.413,1528.38203,-32.6
2024-06-13T15:45:36.646,1529.85540,-36.3
2024-06-13T15:45:36.940,1529.85363,-36.3
2024-06-13T15:45:37.212,1530.96368,-35.8
2024-06-13T15:45:37.477,1530.96383,-35.9
2024-06-13T15:45:37.724,1529.64855,-35.9
2024-06-13T15:45:37.980,1529.64814,-35.9
2024-06-13T15:45:38.269,1529.64783,-35.4
2024-06-13T15:45:38.539,1529.64767,-35.4
2024-06-13T15:45:38.764,1529.64591,-35.6
2024-06-13T15:45:39.022,1529.64688,-35.0
2024-06-13T15:45:39.285,1528.75795,-32.6
2024-06-13T15:45:39.554,1528.76030,-32.5
2024-06-13T15:45:39.782,1528.76335,-32.7
2024-06-13T15:45:40.028,1528.77022,-32.4
2024-06-13T15:45:40.273,1528.77346,-32.5
2024-06-13T15:45:40.513,1528.77680,-32.5
2024-06-13T15:45:40.782,1528.77642,-32.7
2024-06-13T15:45:41.036,1528.77664,-32.5
2024-06-13T15:45:41.279,1528.77610,-32.6
2024-06-13T15:45:41.517,1528.77645,-33.0
2024-06-13T15:45:41.757,1530.96422,-36.4
2024-06-13T15:45:42.022,1530.96379,-35.7
2024-06-13T15:45:42.290,1530.96412,-35.8
2024-06-13T15:45:42.536,1530.96402,-36.2
2024-06-13T15:45:42.797,1530.96152,-35.5
2024-06-13T15:45:43.082,1529.16422,-32.0
2024-06-13T15:45:43.337,1529.16363,-31.8
2024-06-13T15:45:43.584,1529.16340,-31.6
2024-06-13T15:45:43.810,1529.16309,-31.9
2024-06-13T15:45:44.065,1529.16276,-32.3
2024-06-13T15:45:44.300,1529.16251,-32.1
2024-06-13T15:45:44.553,1529.16243,-32.0
2024-06-13T15:45:44.779,1529.16213,-32.0
2024-06-13T15:45:45.036,1529.16241,-32.0
2024-06-13T15:45:45.277,1529.16258,-32.1
2024-06-13T15:45:45.513,1529.16269,-32.3
2024-06-13T15:45:45.756,1529.16257,-32.5
2024-06-13T15:45:45.996,1529.16221,-32.4
2024-06-13T15:45:46.246,1529.16316,-32.2
2024-06-13T15:45:46.474,1529.16331,-32.6
2024-06-13T15:45:46.724,1530.96467,-35.8
2024-06-13T15:45:46.976,1530.96411,-36.0
2024-06-13T15:45:47.286,1530.73107,-35.6
2024-06-13T15:45:47.533,1530.73125,-35.5
2024-06-13T15:45:47.765,1530.73108,-35.8
2024-06-13T15:45:48.008,1529.56281,-34.5
2024-06-13T15:45:48.272,1529.56984,-33.4
2024-06-13T15:45:48.542,1529.56550,-31.7
2024-06-13T15:45:48.778,1529.55341,-31.4
2024-06-13T15:45:49.032,1529.55354,-31.3
2024-06-13T15:45:49.273,1529.55313,-31.5
2024-06-13T15:45:49.517,1529.55287,-31.5
2024-06-13T15:45:49.750,1529.55244,-31.5
2024-06-13T15:45:50.001,1529.55222,-31.8
2024-06-13T15:45:50.252,1529.55191,-31.5
2024-06-13T15:45:50.481,1529.55246,-31.9
2024-06-13T15:45:50.724,1529.55233,-31.7
2024-06-13T15:45:50.957,1529.55221,-31.7
2024-06-13T15:45:51.224,1529.55245,-31.9
2024-06-13T15:45:51.450,1529.55269,-31.9
2024-06-13T15:45:51.689,1530.96461,-36.0
2024-06-13T15:45:51.952,1530.56213,-35.8
2024-06-13T15:45:52.238,1530.56059,-35.8
2024-06-13T15:45:52.494,1529.64853,-35.8
2024-06-13T15:45:52.757,1530.96368,-35.5
2024-06-13T15:45:53.011,1530.08649,-35.9
2024-06-13T15:45:53.293,1529.92643,-32.0
2024-06-13T15:45:53.569,1529.92721,-31.3
2024-06-13T15:45:53.796,1529.92894,-31.1
2024-06-13T15:45:54.048,1529.93481,-31.1
2024-06-13T15:45:54.282,1529.93777,-31.2
2024-06-13T15:45:54.548,1529.94622,-31.1
2024-06-13T15:45:54.775,1529.94560,-31.2
2024-06-13T15:45:55.010,1529.94589,-31.2
2024-06-13T15:45:55.257,1529.94632,-31.1
2024-06-13T15:45:55.526,1529.94563,-31.0
2024-06-13T15:45:55.770,1529.94532,-31.3
2024-06-13T15:45:56.003,1529.94497,-31.3
2024-06-13T15:45:56.253,1529.94480,-31.6
2024-06-13T15:45:56.483,1529.94433,-31.3
2024-06-13T15:45:56.735,1529.90385,-36.2
2024-06-13T15:45:56.996,1529.64848,-36.1
2024-06-13T15:45:57.276,1530.96441,-35.6
2024-06-13T15:45:57.565,1530.96442,-35.5
2024-06-13T15:45:57.795,1530.08581,-35.6
2024-06-13T15:45:58.047,1530.33462,-34.1
2024-06-13T15:45:58.278,1530.33236,-32.0
2024-06-13T15:45:58.551,1530.33238,-31.8
2024-06-13T15:45:58.776,1530.33279,-31.9
2024-06-13T15:45:59.010,1530.33232,-31.7
2024-06-13T15:45:59.258,1530.33240,-31.6
2024-06-13T15:45:59.523,1530.33273,-31.8
2024-06-13T15:45:59.750,1530.33247,-31.9
2024-06-13T15:45:59.987,1530.33251,-31.9
2024-06-13T15:46:00.235,1530.33254,-31.9
2024-06-13T15:46:00.455,1530.33271,-31.9
2024-06-13T15:46:00.710,1530.33271,-32.2
2024-06-13T15:46:00.943,1530.33277,-31.6
2024-06-13T15:46:01.208,1530.33329,-31.9
2024-06-13T15:46:01.436,1530.33357,-32.0
2024-06-13T15:46:01.672,1530.08566,-36.1
2024-06-13T15:46:01.942,1531.15636,-36.1
2024-06-13T15:46:02.232,1530.96450,-35.4
2024-06-13T15:46:02.486,1530.96473,-35.3
2024-06-13T15:46:02.728,1530.96401,-35.9
2024-06-13T15:46:02.988,1530.30978,-35.9
2024-06-13T15:46:03.270,1529.64836,-35.4
2024-06-13T15:46:03.517,1530.08584,-35.3
2024-06-13T15:46:03.769,1530.08550,-35.6
2024-06-13T15:46:04.019,1529.64888,-35.4
2024-06-13T15:46:04.277,1530.08597,-35.8
2024-06-13T15:46:04.569,1529.64855,-35.6
2024-06-13T15:46:04.829,1529.64897,-35.4
2024-06-13T15:46:05.090,1529.64855,-35.2
2024-06-13T15:46:05.352,1529.64710,-34.4
2024-06-13T15:46:05.628,1530.72632,-32.2
2024-06-13T15:46:05.884,1530.72442,-32.4
2024-06-13T15:46:06.114,1530.72566,-32.6
2024-06-13T15:46:06.376,1530.72401,-32.6
2024-06-13T15:46:06.608,1530.09067,-35.5
2024-06-13T15:46:06.884,1530.09191,-36.0
2024-06-13T15:46:07.137,1529.64863,-35.9
2024-06-13T15:46:07.418,1530.09056,-35.9
2024-06-13T15:46:07.679,1530.09287,-36.0
2024-06-13T15:46:07.943,1530.09166,-36.0
2024-06-13T15:46:08.217,1530.09397,-35.4
2024-06-13T15:46:08.493,1530.09151,-35.4
2024-06-13T15:46:08.754,1530.09113,-35.4
2024-06-13T15:46:08.990,1530.09181,-35.4
2024-06-13T15:46:09.253,1531.10048,-33.0
2024-06-13T15:46:09.529,1531.10233,-33.0
2024-06-13T15:46:09.752,1531.10563,-33.0
2024-06-13T15:46:10.009,1531.11630,-33.2
2024-06-13T15:46:10.254,1531.11879,-33.2
2024-06-13T15:46:10.497,1531.11870,-33.1
2024-06-13T15:46:10.753,1531.11844,-32.9
2024-06-13T15:46:10.999,1531.11870,-33.0
2024-06-13T15:46:11.248,1531.11834,-32.8
2024-06-13T15:46:11.488,1531.11800,-32.9
2024-06-13T15:46:11.737,1530.09199,-36.2
2024-06-13T15:46:12.009,1530.56113,-35.4
2024-06-13T15:46:12.272,1530.98457,-35.8
2024-06-13T15:46:12.547,1530.98509,-35.7
2024-06-13T15:46:12.797,1529.64855,-35.7
2024-06-13T15:46:13.071,1531.50872,-34.2
2024-06-13T15:46:13.327,1531.50792,-33.1
2024-06-13T15:46:13.587,1531.50631,-32.7
2024-06-13T15:46:13.836,1531.50622,-32.8
2024-06-13T15:46:14.066,1531.50546,-32.7
2024-06-13T15:46:14.305,1531.50564,-32.9
2024-06-13T15:46:14.557,1531.50586,-33.0
2024-06-13T15:46:14.790,1531.50542,-32.7
2024-06-13T15:46:15.040,1531.50554,-32.8
2024-06-13T15:46:15.272,1531.50565,-33.1
2024-06-13T15:46:15.544,1531.50536,-32.9
2024-06-13T15:46:15.769,1531.50620,-32.7
2024-06-13T15:46:16.012,1531.50630,-33.0
2024-06-13T15:46:16.253,1531.50653,-33.2
2024-06-13T15:46:16.518,1530.08936,-35.7
2024-06-13T15:46:16.767,1530.08605,-36.0
2024-06-13T15:46:17.038,1530.08637,-35.7
2024-06-13T15:46:17.290,1530.08721,-35.6
2024-06-13T15:46:17.559,1530.08667,-35.3
2024-06-13T15:46:17.791,1530.08594,-35.4
2024-06-13T15:46:18.062,1531.89265,-34.3
2024-06-13T15:46:18.346,1531.91562,-33.0
2024-06-13T15:46:18.600,1531.89928,-31.8
2024-06-13T15:46:18.853,1531.89999,-32.0
2024-06-13T15:46:19.082,1531.89848,-32.1
2024-06-13T15:46:19.337,1531.89780,-31.9
2024-06-13T15:46:19.578,1531.89747,-32.2
2024-06-13T15:46:19.826,1531.89733,-31.8
2024-06-13T15:46:20.058,1531.89709,-31.8
2024-06-13T15:46:20.307,1531.89685,-32.0
2024-06-13T15:46:20.556,1531.89669,-32.0
2024-06-13T15:46:20.788,1531.89714,-32.1
2024-06-13T15:46:21.029,1531.89676,-32.0
2024-06-13T15:46:21.261,1531.89700,-31.9
2024-06-13T15:46:21.534,1530.08767,-35.4
2024-06-13T15:46:21.782,1530.08639,-36.4
2024-06-13T15:46:22.049,1531.15561,-35.7
2024-06-13T15:46:22.307,1531.15518,-35.8
2024-06-13T15:46:22.586,1531.21303,-36.0
2024-06-13T15:46:22.861,1531.21578,-35.5
2024-06-13T15:46:23.089,1531.15558,-35.6
2024-06-13T15:46:23.344,1532.27254,-31.9
2024-06-13T15:46:23.586,1532.27333,-31.2
2024-06-13T15:46:23.837,1532.27481,-31.0
2024-06-13T15:46:24.064,1532.27759,-31.2
2024-06-13T15:46:24.314,1532.28699,-31.6
2024-06-13T15:46:24.562,1532.29209,-31.5
2024-06-13T15:46:24.793,1532.29213,-31.5
2024-06-13T15:46:25.032,1532.29126,-31.7
2024-06-13T15:46:25.281,1532.29136,-31.5
2024-06-13T15:46:25.540,1532.29120,-31.2
2024-06-13T15:46:25.790,1532.29130,-31.5
2024-06-13T15:46:26.033,1532.29103,-31.7
2024-06-13T15:46:26.263,1532.29087,-31.6
2024-06-13T15:46:26.536,1532.28782,-35.3
2024-06-13T15:46:26.789,1530.56150,-35.8
2024-06-13T15:46:27.054,1530.08720,-35.5
2024-06-13T15:46:27.291,1530.08656,-35.7
2024-06-13T15:46:27.574,1530.98519,-35.4
2024-06-13T15:46:27.845,1530.98562,-35.6
2024-06-13T15:46:28.096,1529.64865,-35.8
2024-06-13T15:46:28.377,1531.49299,-35.4
2024-06-13T15:46:28.657,1530.98543,-35.5
2024-06-13T15:46:28.939,1531.21532,-35.1
2024-06-13T15:46:29.214,1532.68533,-34.2
2024-06-13T15:46:29.471,1532.68219,-31.7
2024-06-13T15:46:29.718,1532.68156,-31.5
2024-06-13T15:46:29.953,1532.68216,-31.6
2024-06-13T15:46:30.213,1532.68086,-31.5
2024-06-13T15:46:30.445,1532.68107,-31.3
2024-06-13T15:46:30.690,1532.68062,-31.5
2024-06-13T15:46:30.920,1532.68044,-31.6
2024-06-13T15:46:31.192,1532.68049,-31.6
2024-06-13T15:46:31.420,1532.68069,-32.0
2024-06-13T15:46:31.661,1532.67843,-34.9
2024-06-13T15:46:31.924,1529.64830,-35.7
2024-06-13T15:46:32.212,1530.08658,-35.3
2024-06-13T15:46:32.477,1530.08690,-35.3
2024-06-13T15:46:32.733,1531.49368,-35.6
2024-06-13T15:46:32.996,1531.49345,-35.6
2024-06-13T15:46:33.246,1530.98514,-35.4
2024-06-13T15:46:33.502,1529.64852,-35.5
2024-06-13T15:46:33.751,1530.08770,-35.3
2024-06-13T15:46:34.032,1533.08935,-33.9
2024-06-13T15:46:34.294,1533.08782,-32.3
2024-06-13T15:46:34.544,1533.07784,-32.2
2024-06-13T15:46:34.773,1533.07418,-32.6
2024-06-13T15:46:35.033,1533.07356,-32.6
2024-06-13T15:46:35.265,1533.07309,-32.6
2024-06-13T15:46:35.521,1533.07293,-32.3
2024-06-13T15:46:35.748,1533.07259,-32.6
2024-06-13T15:46:36.011,1533.07260,-32.8
2024-06-13T15:46:36.238,1533.07235,-32.6
2024-06-13T15:46:36.492,1533.07238,-33.0
2024-06-13T15:46:36.721,1533.07187,-34.9
2024-06-13T15:46:36.995,1529.64881,-35.6
2024-06-13T15:46:37.254,1529.64856,-35.5
2024-06-13T15:46:37.533,1531.21623,-35.8
2024-06-13T15:46:37.785,1529.64866,-35.9
2024-06-13T15:46:38.067,1530.35383,-34.5
2024-06-13T15:46:38.332,1533.45322,-34.0
2024-06-13T15:46:38.567,1533.45205,-33.2
2024-06-13T15:46:38.860,1533.45839,-33.4
2024-06-13T15:46:39.095,1533.46096,-33.4
2024-06-13T15:46:39.331,1533.46463,-33.5
2024-06-13T15:46:39.571,1533.46830,-33.3
2024-06-13T15:46:39.840,1533.46794,-33.3
2024-06-13T15:46:40.065,1533.46815,-33.1
2024-06-13T15:46:40.302,1533.46783,-33.3
2024-06-13T15:46:40.556,1533.46735,-33.3
2024-06-13T15:46:40.837,1533.46618,-33.1
2024-06-13T15:46:41.064,1533.46639,-33.2
2024-06-13T15:46:41.303,1533.46691,-33.7
2024-06-13T15:46:41.549,1533.46675,-33.4
2024-06-13T15:46:41.815,1530.09300,-35.5
2024-06-13T15:46:42.045,1530.09174,-35.6
2024-06-13T15:46:42.298,1530.31839,-35.5
2024-06-13T15:46:42.565,1530.31895,-35.3
2024-06-13T15:46:42.819,1530.31893,-35.4
2024-06-13T15:46:43.060,1533.85905,-33.3
2024-06-13T15:46:43.298,1533.85672,-33.8
2024-06-13T15:46:43.547,1533.85743,-33.2
2024-06-13T15:46:43.809,1533.85679,-33.5
2024-06-13T15:46:44.040,1533.85691,-33.3
2024-06-13T15:46:44.273,1533.85632,-33.1
2024-06-13T15:46:44.524,1533.85646,-33.4
2024-06-13T15:46:44.757,1533.85605,-33.4
2024-06-13T15:46:45.016,1533.85650,-33.6
2024-06-13T15:46:45.245,1533.85627,-33.4
2024-06-13T15:46:45.504,1533.85676,-33.5
2024-06-13T15:46:45.730,1533.85660,-33.6
2024-06-13T15:46:45.983,1533.85692,-33.7
2024-06-13T15:46:46.225,1533.85671,-34.0
2024-06-13T15:46:46.479,1533.85710,-33.3
2024-06-13T15:46:46.703,1533.85540,-35.1
2024-06-13T15:46:46.955,1530.08750,-35.3
2024-06-13T15:46:47.222,1530.08654,-35.2
2024-06-13T15:46:47.494,1530.08697,-35.8
2024-06-13T15:46:47.721,1529.64928,-35.5
2024-06-13T15:46:48.003,1534.26892,-33.8
2024-06-13T15:46:48.257,1534.26144,-32.8
2024-06-13T15:46:48.532,1534.25270,-32.5
2024-06-13T15:46:48.765,1534.25102,-32.1
2024-06-13T15:46:49.034,1534.24980,-32.6
2024-06-13T15:46:49.287,1534.24915,-32.5
2024-06-13T15:46:49.535,1534.24947,-32.7
2024-06-13T15:46:49.767,1534.24952,-32.5
2024-06-13T15:46:50.017,1534.24878,-32.8
2024-06-13T15:46:50.270,1534.24870,-33.0
2024-06-13T15:46:50.519,1534.24865,-32.9
2024-06-13T15:46:50.745,1534.24860,-33.3
2024-06-13T15:46:50.984,1534.24837,-33.6
2024-06-13T15:46:51.220,1534.24882,-33.3
2024-06-13T15:46:51.488,1534.24804,-34.6
2024-06-13T15:46:51.717,1531.15696,-36.4
2024-06-13T15:46:51.952,1529.89366,-35.9
2024-06-13T15:46:52.221,1529.64876,-35.7
2024-06-13T15:46:52.491,1530.08738,-35.7
2024-06-13T15:46:52.737,1530.08790,-35.4
2024-06-13T15:46:53.005,1530.08775,-35.1
2024-06-13T15:46:53.239,1530.08696,-35.4
2024-06-13T15:46:53.528,1530.08879,-36.0
2024-06-13T15:46:53.799,1530.09237,-36.0
2024-06-13T15:46:54.049,1530.34877,-34.5
2024-06-13T15:46:54.309,1534.63012,-34.4
2024-06-13T15:46:54.584,1534.63173,-32.0
2024-06-13T15:46:54.838,1534.63432,-32.1
2024-06-13T15:46:55.061,1534.63756,-32.3
2024-06-13T15:46:55.324,1534.64541,-32.1
2024-06-13T15:46:55.561,1534.64465,-32.4
2024-06-13T15:46:55.832,1534.64504,-32.5
2024-06-13T15:46:56.060,1534.64472,-32.4
2024-06-13T15:46:56.321,1534.64418,-33.6
2024-06-13T15:46:56.555,1534.64368,-35.0
2024-06-13T15:46:56.811,1529.86577,-36.7
2024-06-13T15:46:57.062,1530.30886,-36.5
2024-06-13T15:46:57.342,1530.30864,-35.8
2024-06-13T15:46:57.575,1530.30824,-35.7
2024-06-13T15:46:57.833,1530.09411,-35.6
2024-06-13T15:46:58.055,1530.03207,-34.1
2024-06-13T15:46:58.337,1535.03450,-32.6
2024-06-13T15:46:58.595,1535.03479,-32.6
2024-06-13T15:46:58.845,1535.03506,-32.5
2024-06-13T15:46:59.076,1535.03440,-32.7
2024-06-13T15:46:59.343,1535.03401,-33.4
2024-06-13T15:46:59.594,1535.03376,-33.0
2024-06-13T15:46:59.845,1535.03409,-32.9
2024-06-13T15:47:00.075,1535.03406,-33.3
2024-06-13T15:47:00.327,1535.03438,-32.9
2024-06-13T15:47:00.560,1535.03427,-32.8
2024-06-13T15:47:00.817,1535.03454,-33.1
2024-06-13T15:47:01.040,1535.03408,-32.9
2024-06-13T15:47:01.296,1535.03490,-32.8
2024-06-13T15:47:01.536,1535.03486,-34.0
2024-06-13T15:47:01.768,1530.96540,-35.9
2024-06-13T15:47:02.011,1530.96525,-35.7
2024-06-13T15:47:02.264,1529.64929,-35.9
2024-06-13T15:47:02.511,1529.64886,-35.3
2024-06-13T15:47:02.783,1529.64892,-35.5
2024-06-13T15:47:03.009,1529.64889,-35.7
2024-06-13T15:47:03.258,1529.64901,-35.4
2024-06-13T15:47:03.521,1529.64919,-35.5
2024-06-13T15:47:03.791,1529.64881,-35.4
2024-06-13T15:47:04.039,1530.72978,-34.3
2024-06-13T15:47:04.324,1535.43583,-32.4
2024-06-13T15:47:04.555,1535.42889,-32.6
2024-06-13T15:47:04.809,1535.43004,-32.6
2024-06-13T15:47:05.037,1535.42962,-32.9
2024-06-13T15:47:05.292,1535.42764,-33.0
2024-06-13T15:47:05.531,1535.42775,-32.6
2024-06-13T15:47:05.783,1535.42751,-33.3
2024-06-13T15:47:06.013,1535.42726,-32.6
2024-06-13T15:47:06.261,1535.42731,-32.7
2024-06-13T15:47:06.509,1535.42737,-34.1
2024-06-13T15:47:06.743,1529.65022,-35.8
2024-06-13T15:47:07.010,1529.64870,-35.9
2024-06-13T15:47:07.265,1530.36910,-35.5
2024-06-13T15:47:07.548,1529.66731,-35.8
2024-06-13T15:47:07.800,1529.66553,-35.5
2024-06-13T15:47:08.027,1530.30693,-35.4
2024-06-13T15:47:08.309,1535.80990,-32.5
2024-06-13T15:47:08.562,1535.81106,-32.6
2024-06-13T15:47:08.822,1535.81310,-32.5
2024-06-13T15:47:09.049,1535.81648,-32.2
2024-06-13T15:47:09.307,1535.82514,-32.5
2024-06-13T15:47:09.541,1535.82413,-32.2
2024-06-13T15:47:09.817,1535.82416,-32.2
2024-06-13T15:47:10.043,1535.82411,-32.5
2024-06-13T15:47:10.305,1535.82408,-32.3
2024-06-13T15:47:10.540,1535.82355,-32.7
2024-06-13T15:47:10.811,1535.82335,-32.7
2024-06-13T15:47:11.038,1535.82328,-33.2
2024-06-13T15:47:11.294,1535.82306,-32.9
2024-06-13T15:47:11.530,1535.82272,-33.2
2024-06-13T15:47:11.781,1530.09210,-35.9
2024-06-13T15:47:12.033,1530.09228,-36.1
2024-06-13T15:47:12.312,1530.09002,-35.1
2024-06-13T15:47:12.569,1530.09205,-35.3
2024-06-13T15:47:12.844,1531.49342,-35.6
2024-06-13T15:47:13.112,1529.98354,-34.2
2024-06-13T15:47:13.377,1536.21461,-32.0
2024-06-13T15:47:13.645,1536.21556,-31.9
2024-06-13T15:47:13.874,1536.21597,-32.4
2024-06-13T15:47:14.145,1536.21434,-32.2
2024-06-13T15:47:14.372,1536.21443,-32.0
2024-06-13T15:47:14.615,1536.21383,-32.1
2024-06-13T15:47:14.857,1536.21410,-32.4
2024-06-13T15:47:15.123,1536.21438,-32.1
2024-06-13T15:47:15.348,1536.21462,-32.1
2024-06-13T15:47:15.584,1536.21432,-32.5
2024-06-13T15:47:15.833,1536.21479,-32.6
2024-06-13T15:47:16.061,1536.21449,-32.4
2024-06-13T15:47:16.315,1536.21464,-32.0
2024-06-13T15:47:16.547,1536.21467,-32.3
2024-06-13T15:47:16.817,1530.09243,-35.3
2024-06-13T15:47:17.048,1530.09237,-35.2
2024-06-13T15:47:17.283,1531.15600,-35.4
2024-06-13T15:47:17.541,1529.64875,-35.4
2024-06-13T15:47:17.834,1531.22698,-35.7
2024-06-13T15:47:18.106,1530.40812,-34.4
2024-06-13T15:47:18.349,1536.63084,-33.1
2024-06-13T15:47:18.617,1536.62463,-31.4
2024-06-13T15:47:18.890,1536.61018,-31.6
2024-06-13T15:47:19.143,1536.60983,-31.7
2024-06-13T15:47:19.370,1536.60870,-31.6
2024-06-13T15:47:19.629,1536.60837,-31.7
2024-06-13T15:47:19.859,1536.60796,-31.4
2024-06-13T15:47:20.136,1536.60793,-31.7
2024-06-13T15:47:20.361,1536.60786,-32.1
2024-06-13T15:47:20.614,1536.60792,-32.1
2024-06-13T15:47:20.849,1536.60828,-31.9
2024-06-13T15:47:21.096,1536.60837,-31.9
2024-06-13T15:47:21.324,1536.60795,-32.1
2024-06-13T15:47:21.576,1531.15636,-36.5
2024-06-13T15:47:21.823,1531.15586,-35.7
2024-06-13T15:47:22.053,1530.09290,-35.6
2024-06-13T15:47:22.295,1531.21594,-35.6
2024-06-13T15:47:22.546,1530.08648,-35.2
2024-06-13T15:47:22.833,1529.65270,-35.6
2024-06-13T15:47:23.105,1530.27202,-35.5
2024-06-13T15:47:23.331,1530.08738,-35.5
2024-06-13T15:47:23.594,1530.08613,-35.6
2024-06-13T15:47:23.860,1531.49329,-35.6
2024-06-13T15:47:24.135,1529.64526,-34.4
2024-06-13T15:47:24.391,1536.98895,-32.7
2024-06-13T15:47:24.650,1536.99489,-32.4
2024-06-13T15:47:24.880,1536.99879,-32.1
2024-06-13T15:47:25.134,1537.00174,-32.4
2024-06-13T15:47:25.360,1537.00566,-32.6
2024-06-13T15:47:25.637,1537.00516,-32.8
2024-06-13T15:47:25.879,1537.00501,-32.7
2024-06-13T15:47:26.135,1537.00465,-32.9
2024-06-13T15:47:26.360,1537.00448,-32.7
2024-06-13T15:47:26.619,1530.56256,-35.8
2024-06-13T15:47:26.878,1529.65932,-35.6
2024-06-13T15:47:27.151,1529.65875,-35.8
2024-06-13T15:47:27.405,1530.38039,-35.6
2024-06-13T15:47:27.685,1529.64857,-35.5
2024-06-13T15:47:27.950,1530.06093,-34.3
2024-06-13T15:47:28.199,1537.39934,-33.4
2024-06-13T15:47:28.482,1537.39615,-33.2
2024-06-13T15:47:28.715,1537.39648,-33.5
2024-06-13T15:47:28.974,1537.39632,-33.3
2024-06-13T15:47:29.209,1537.39597,-33.1
2024-06-13T15:47:29.462,1537.39563,-33.3
2024-06-13T15:47:29.688,1537.39565,-33.4
2024-06-13T15:47:29.939,1537.39572,-33.4
2024-06-13T15:47:30.175,1537.39583,-33.6
2024-06-13T15:47:30.453,1537.39607,-33.7
2024-06-13T15:47:30.680,1537.39595,-33.9
2024-06-13T15:47:30.937,1537.39647,-33.5
2024-06-13T15:47:31.175,1537.39602,-33.5
2024-06-13T15:47:31.428,1537.39661,-33.6
2024-06-13T15:47:31.655,1537.39660,-33.5
2024-06-13T15:47:31.903,1531.58906,-35.9
2024-06-13T15:47:32.152,1530.08742,-35.7
2024-06-13T15:47:32.420,1530.08643,-35.6
2024-06-13T15:47:32.673,1529.66733,-35.7
2024-06-13T15:47:32.921,1531.21384,-35.6
2024-06-13T15:47:33.181,1531.28884,-35.8
2024-06-13T15:47:33.471,1530.49779,-36.1
2024-06-13T15:47:33.731,1531.01098,-35.8
2024-06-13T15:47:33.993,1530.01901,-34.7
2024-06-13T15:47:34.248,1530.00992,-34.2
2024-06-13T15:47:34.497,1537.79105,-33.4
2024-06-13T15:47:34.768,1537.79239,-33.1
2024-06-13T15:47:34.997,1537.79147,-33.1
2024-06-13T15:47:35.249,1537.79028,-33.2
2024-06-13T15:47:35.490,1537.79000,-33.5
2024-06-13T15:47:35.735,1537.78996,-33.6
2024-06-13T15:47:35.967,1537.78992,-33.6
2024-06-13T15:47:36.218,1537.79014,-33.5
2024-06-13T15:47:36.467,1537.79035,-33.6
2024-06-13T15:47:36.700,1531.15727,-36.4
2024-06-13T15:47:36.963,1530.08585,-36.1
2024-06-13T15:47:37.221,1530.08695,-35.8
2024-06-13T15:47:37.505,1529.84660,-35.8
2024-06-13T15:47:37.776,1530.08773,-35.5
2024-06-13T15:47:38.032,1531.04021,-35.7
2024-06-13T15:47:38.305,1530.04544,-34.4
2024-06-13T15:47:38.557,1538.17605,-33.2
2024-06-13T15:47:38.840,1538.17810,-32.0
2024-06-13T15:47:39.115,1538.18046,-31.9
2024-06-13T15:47:39.339,1538.18334,-31.8
2024-06-13T15:47:39.594,1538.18847,-31.5
2024-06-13T15:47:39.830,1538.18838,-31.9
2024-06-13T15:47:40.095,1538.18792,-31.8
2024-06-13T15:47:40.324,1538.18740,-31.9
2024-06-13T15:47:40.566,1538.18721,-31.6
2024-06-13T15:47:40.832,1538.18724,-31.9
2024-06-13T15:47:41.112,1538.18706,-31.4
2024-06-13T15:47:41.338,1538.18678,-32.0
2024-06-13T15:47:41.576,1538.18664,-31.8
2024-06-13T15:47:41.820,1529.89235,-36.1
2024-06-13T15:47:42.110,1530.35411,-35.7
2024-06-13T15:47:42.358,1530.35405,-35.2
2024-06-13T15:47:42.626,1530.08840,-35.9
2024-06-13T15:47:42.885,1530.09002,-35.5
2024-06-13T15:47:43.164,1538.58194,-30.5
2024-06-13T15:47:43.440,1538.57932,-30.4
2024-06-13T15:47:43.662,1538.58073,-30.6
2024-06-13T15:47:43.918,1538.58032,-30.4
2024-06-13T15:47:44.160,1538.57992,-30.6
2024-06-13T15:47:44.412,1538.57982,-30.5
2024-06-13T15:47:44.639,1538.57949,-30.4
2024-06-13T15:47:44.891,1538.57975,-30.4
2024-06-13T15:47:45.139,1538.57959,-30.7
2024-06-13T15:47:45.369,1538.57979,-30.5
2024-06-13T15:47:45.614,1538.57954,-30.8
2024-06-13T15:47:45.861,1538.58003,-30.5
2024-06-13T15:47:46.112,1538.58000,-30.6
2024-06-13T15:47:46.337,1538.57983,-30.7
2024-06-13T15:47:46.578,1538.58014,-30.5
2024-06-13T15:47:46.818,1530.96431,-36.1
2024-06-13T15:47:47.107,1530.08580,-35.3
2024-06-13T15:47:47.359,1530.08600,-35.4
2024-06-13T15:47:47.599,1529.64850,-35.6
2024-06-13T15:47:47.832,1529.64858,-35.7
2024-06-13T15:47:48.124,1530.08860,-35.3
2024-06-13T15:47:48.381,1529.64854,-35.8
2024-06-13T15:47:48.643,1530.08587,-36.0
2024-06-13T15:47:48.905,1530.08592,-35.7
2024-06-13T15:47:49.174,1538.99380,-31.8
2024-06-13T15:47:49.453,1538.98968,-30.8
2024-06-13T15:47:49.686,1538.97698,-31.1
2024-06-13T15:47:49.942,1538.97591,-31.1
2024-06-13T15:47:50.174,1538.97438,-31.4
2024-06-13T15:47:50.429,1538.97409,-31.2
2024-06-13T15:47:50.653,1538.97411,-31.3
2024-06-13T15:47:50.907,1538.97410,-31.3
2024-06-13T15:47:51.149,1538.97403,-31.0
2024-06-13T15:47:51.412,1538.97399,-31.2
2024-06-13T15:47:51.635,1538.97414,-31.4
2024-06-13T15:47:51.885,1532.11695,-35.6
2024-06-13T15:47:52.150,1530.08652,-36.0
2024-06-13T15:47:52.425,1530.35548,-35.9
2024-06-13T15:47:52.676,1529.86124,-35.8
2024-06-13T15:47:52.949,1531.21234,-35.8
2024-06-13T15:47:53.209,1530.30614,-35.4
2024-06-13T15:47:53.493,1539.35953,-32.7
2024-06-13T15:47:53.745,1539.36044,-32.7
2024-06-13T15:47:53.975,1539.36259,-32.5
2024-06-13T15:47:54.217,1539.36802,-32.5
2024-06-13T15:47:54.462,1539.37187,-32.6
2024-06-13T15:47:54.728,1539.37246,-33.1
2024-06-13T15:47:54.957,1539.37262,-32.7
2024-06-13T15:47:55.193,1539.37216,-33.1
2024-06-13T15:47:55.442,1539.37238,-32.8
2024-06-13T15:47:55.695,1539.37171,-32.9
2024-06-13T15:47:55.954,1539.37259,-32.7
2024-06-13T15:47:56.192,1539.37211,-32.6
2024-06-13T15:47:56.442,1539.37182,-32.8
2024-06-13T15:47:56.672,1539.37119,-32.8
2024-06-13T15:47:56.935,1530.30647,-36.1
2024-06-13T15:47:57.193,1530.09480,-35.8
2024-06-13T15:47:57.458,1530.30599,-35.5
2024-06-13T15:47:57.732,1530.30514,-35.4
2024-06-13T15:47:58.000,1529.64816,-35.8
2024-06-13T15:47:58.263,1529.84989,-35.9
2024-06-13T15:47:58.523,1530.37271,-35.7
2024-06-13T15:47:58.808,1530.73127,-35.6
2024-06-13T15:47:59.055,1530.50418,-34.6
2024-06-13T15:47:59.308,1539.77085,-33.3
2024-06-13T15:47:59.581,1539.76478,-33.5
2024-06-13T15:47:59.814,1539.76633,-33.5
2024-06-13T15:48:00.083,1539.76622,-33.2
2024-06-13T15:48:00.310,1539.76622,-33.0
2024-06-13T15:48:00.542,1539.76608,-33.4
2024-06-13T15:48:00.791,1539.76571,-33.3
2024-06-13T15:48:01.056,1539.76520,-33.1
2024-06-13T15:48:01.284,1539.76536,-33.4
2024-06-13T15:48:01.534,1539.76521,-33.4
2024-06-13T15:48:01.791,1530.08120,-36.0
2024-06-13T15:48:02.026,1530.73148,-35.9
2024-06-13T15:48:02.301,1530.97092,-35.8
2024-06-13T15:48:02.581,1529.64852,-35.6
2024-06-13T15:48:02.833,1530.08574,-35.6
2024-06-13T15:48:03.109,1530.73103,-35.3
2024-06-13T15:48:03.374,1530.03194,-34.3
2024-06-13T15:48:03.638,1540.16309,-33.1
2024-06-13T15:48:03.906,1540.16213,-32.7
2024-06-13T15:48:04.142,1540.16171,-33.1
2024-06-13T15:48:04.401,1540.16140,-33.1
2024-06-13T15:48:04.630,1540.16089,-33.2
2024-06-13T15:48:04.879,1540.16044,-33.4
2024-06-13T15:48:05.121,1540.16011,-33.2
2024-06-13T15:48:05.361,1540.16010,-33.3
2024-06-13T15:48:05.597,1540.16003,-33.1
2024-06-13T15:48:05.848,1540.16039,-33.1
2024-06-13T15:48:06.100,1540.16078,-33.3
2024-06-13T15:48:06.331,1540.16077,-33.2
2024-06-13T15:48:06.563,1540.16092,-33.2
2024-06-13T15:48:06.802,1530.73193,-36.4
2024-06-13T15:48:07.093,1530.97026,-35.9
2024-06-13T15:48:07.315,1530.79785,-35.6
2024-06-13T15:48:07.557,1530.79723,-35.7
2024-06-13T15:48:07.818,1529.64809,-36.1
2024-06-13T15:48:08.107,1529.65138,-35.2
2024-06-13T15:48:08.377,1530.05997,-34.5
2024-06-13T15:48:08.627,1540.54586,-31.6
2024-06-13T15:48:08.887,1540.54679,-31.5
2024-06-13T15:48:09.140,1540.55363,-31.7
2024-06-13T15:48:09.398,1540.55783,-31.8
2024-06-13T15:48:09.623,1540.55962,-31.8
2024-06-13T15:48:09.878,1540.55927,-32.0
2024-06-13T15:48:10.120,1540.55926,-31.9
2024-06-13T15:48:10.354,1540.55922,-32.0
2024-06-13T15:48:10.604,1540.55918,-32.0
2024-06-13T15:48:10.863,1540.55815,-32.1
2024-06-13T15:48:11.112,1540.55820,-32.1
2024-06-13T15:48:11.344,1540.55844,-31.9
2024-06-13T15:48:11.589,1540.55772,-31.9
2024-06-13T15:48:11.854,1530.09838,-36.0
2024-06-13T15:48:12.130,1531.61335,-36.1
2024-06-13T15:48:12.404,1529.64796,-35.8
2024-06-13T15:48:12.655,1529.64819,-36.1
2024-06-13T15:48:12.931,1530.05373,-34.7
2024-06-13T15:48:13.186,1540.95781,-32.1
2024-06-13T15:48:13.466,1540.95326,-30.5
2024-06-13T15:48:13.722,1540.95354,-30.3
2024-06-13T15:48:13.950,1540.95287,-30.4
2024-06-13T15:48:14.192,1540.95216,-30.5
2024-06-13T15:48:14.440,1540.95253,-30.5
2024-06-13T15:48:14.707,1540.95192,-30.6
2024-06-13T15:48:14.935,1540.95198,-30.6
2024-06-13T15:48:15.169,1540.95269,-30.6
2024-06-13T15:48:15.422,1540.95268,-30.4
2024-06-13T15:48:15.641,1540.95248,-30.5
2024-06-13T15:48:15.906,1540.95293,-30.4
2024-06-13T15:48:16.139,1540.95259,-30.7
2024-06-13T15:48:16.396,1540.95317,-30.7
2024-06-13T15:48:16.624,1540.95306,-30.6
2024-06-13T15:48:16.882,1531.15633,-36.4
2024-06-13T15:48:17.136,1530.73081,-36.0
2024-06-13T15:48:17.413,1530.73136,-36.3
2024-06-13T15:48:17.666,1530.79950,-35.5
2024-06-13T15:48:17.947,1529.84655,-35.9
2024-06-13T15:48:18.213,1531.01037,-35.8
2024-06-13T15:48:18.469,1531.01016,-35.9
2024-06-13T15:48:18.753,1530.09740,-36.1
2024-06-13T15:48:19.020,1530.09706,-35.5
2024-06-13T15:48:19.289,1541.36111,-31.0
2024-06-13T15:48:19.555,1541.34971,-30.8
2024-06-13T15:48:19.791,1541.34934,-30.8
2024-06-13T15:48:20.057,1541.34960,-31.1
2024-06-13T15:48:20.281,1541.34796,-31.1
2024-06-13T15:48:20.540,1541.34755,-31.0
2024-06-13T15:48:20.780,1541.34788,-31.0
2024-06-13T15:48:21.029,1541.34792,-31.3
2024-06-13T15:48:21.255,1541.34764,-31.0
2024-06-13T15:48:21.507,1528.99060,-36.2
2024-06-13T15:48:21.773,1530.73091,-35.6
2024-06-13T15:48:22.053,1530.31535,-36.0
2024-06-13T15:48:22.327,1530.31692,-36.1
2024-06-13T15:48:22.600,1531.61515,-36.2
2024-06-13T15:48:22.854,1531.61392,-36.1
2024-06-13T15:48:23.132,1530.00077,-34.7
2024-06-13T15:48:23.402,1541.73748,-33.6
2024-06-13T15:48:23.652,1541.73570,-32.1
2024-06-13T15:48:23.902,1541.73891,-32.4
2024-06-13T15:48:24.131,1541.74153,-32.0
2024-06-13T15:48:24.398,1541.74786,-32.3
2024-06-13T15:48:24.623,1541.74790,-32.2
2024-06-13T15:48:24.855,1541.74780,-32.4
2024-06-13T15:48:25.098,1541.74732,-32.5
2024-06-13T15:48:25.361,1541.74691,-32.2
2024-06-13T15:48:25.598,1541.74672,-32.5
2024-06-13T15:48:25.842,1541.74713,-32.3
2024-06-13T15:48:26.090,1541.74718,-32.4
2024-06-13T15:48:26.323,1541.74664,-32.2
2024-06-13T15:48:26.571,1541.74608,-32.2
2024-06-13T15:48:26.820,1530.09147,-35.9
2024-06-13T15:48:27.069,1530.09115,-35.9
2024-06-13T15:48:27.298,1530.36859,-35.6
2024-06-13T15:48:27.560,1530.36906,-35.6
2024-06-13T15:48:27.815,1530.09149,-36.0
2024-06-13T15:48:28.074,1530.09114,-35.4
2024-06-13T15:48:28.305,1530.09126,-35.5
2024-06-13T15:48:28.544,1530.09032,-35.8
2024-06-13T15:48:28.777,1530.09098,-36.3
2024-06-13T15:48:29.066,1542.14746,-32.7
2024-06-13T15:48:29.317,1542.14452,-32.8
2024-06-13T15:48:29.558,1542.14049,-33.1
2024-06-13T15:48:29.787,1542.14201,-32.8
2024-06-13T15:48:30.056,1542.14227,-33.2
2024-06-13T15:48:30.279,1542.14213,-32.9
2024-06-13T15:48:30.519,1542.14177,-33.1
2024-06-13T15:48:30.759,1542.14164,-33.3
2024-06-13T15:48:31.022,1542.14080,-33.7
2024-06-13T15:48:31.249,1542.14099,-33.6
2024-06-13T15:48:31.478,1542.14121,-33.1
2024-06-13T15:48:31.728,1542.14093,-35.7
2024-06-13T15:48:31.954,1530.32054,-36.2
2024-06-13T15:48:32.212,1530.09152,-36.0
2024-06-13T15:48:32.452,1530.09114,-36.1
2024-06-13T15:48:32.718,1530.09105,-35.7
2024-06-13T15:48:32.962,1530.09731,-36.2
2024-06-13T15:48:33.241,1542.55881,-32.8
2024-06-13T15:48:33.471,1542.54568,-33.3
2024-06-13T15:48:33.721,1542.54053,-33.7
2024-06-13T15:48:33.947,1542.54012,-33.1
2024-06-13T15:48:34.207,1542.53810,-32.9
2024-06-13T15:48:34.437,1542.53877,-33.2
2024-06-13T15:48:34.688,1542.53850,-33.0
2024-06-13T15:48:34.914,1542.53805,-33.4
2024-06-13T15:48:35.160,1542.53783,-33.2
2024-06-13T15:48:35.403,1542.53749,-33.6
2024-06-13T15:48:35.636,1542.53767,-34.0
2024-06-13T15:48:35.876,1542.53794,-33.3
2024-06-13T15:48:36.106,1542.53802,-33.3
2024-06-13T15:48:36.374,1542.53871,-33.3
2024-06-13T15:48:36.597,1542.53819,-35.6
2024-06-13T15:48:36.832,1530.57376,-36.3
2024-06-13T15:48:37.077,1530.57379,-35.7
2024-06-13T15:48:37.340,1530.09112,-35.3
2024-06-13T15:48:37.566,1530.09089,-36.3
2024-06-13T15:48:37.820,1530.09101,-36.1
2024-06-13T15:48:38.085,1530.09111,-36.4
2024-06-13T15:48:38.324,1530.09102,-36.3
2024-06-13T15:48:38.572,1542.92653,-32.3
2024-06-13T15:48:38.805,1542.92779,-32.3
2024-06-13T15:48:39.054,1542.92980,-32.1
2024-06-13T15:48:39.280,1542.93234,-32.4
2024-06-13T15:48:39.530,1542.93807,-32.5
2024-06-13T15:48:39.761,1542.93784,-32.4
2024-06-13T15:48:40.029,1542.93823,-32.5
2024-06-13T15:48:40.254,1542.93831,-32.3
2024-06-13T15:48:40.491,1542.93767,-32.5
2024-06-13T15:48:40.756,1542.93734,-32.7
2024-06-13T15:48:41.025,1542.93622,-32.4
2024-06-13T15:48:41.249,1542.93620,-32.5
2024-06-13T15:48:41.477,1542.93586,-32.7
2024-06-13T15:48:41.723,1542.93509,-35.2
2024-06-13T15:48:41.967,1530.73112,-36.2
2024-06-13T15:48:42.233,1530.09088,-35.4
2024-06-13T15:48:42.486,1530.09113,-35.4
2024-06-13T15:48:42.760,1530.09219,-35.7
2024-06-13T15:48:43.023,1530.09760,-35.8
2024-06-13T15:48:43.261,1530.09692,-35.7
2024-06-13T15:48:43.499,1530.09519,-35.5
2024-06-13T15:48:43.741,1530.09646,-35.9
2024-06-13T15:48:44.026,1543.33968,-33.0
2024-06-13T15:48:44.276,1543.33693,-31.5
2024-06-13T15:48:44.514,1543.33088,-31.3
2024-06-13T15:48:44.748,1543.33202,-31.6
2024-06-13T15:48:45.013,1543.33287,-31.6
2024-06-13T15:48:45.236,1543.33256,-31.5
2024-06-13T15:48:45.468,1543.33198,-31.6
2024-06-13T15:48:45.716,1543.33248,-31.5
2024-06-13T15:48:45.904,1543.33213,-31.5
2024-06-13T15:48:46.097,1543.33219,-31.7
2024-06-13T15:48:46.295,1543.33235,-31.6
2024-06-13T15:48:46.501,1530.09165,-36.1
2024-06-13T15:48:46.705,1530.09158,-35.8
2024-06-13T15:48:46.885,1530.09135,-35.7
2024-06-13T15:48:47.075,1530.09130,-35.9
2024-06-13T15:48:47.262,1530.30715,-35.9
2024-06-13T15:48:47.502,1530.57402,-35.7
2024-06-13T15:48:47.740,1530.57033,-36.0
2024-06-13T15:48:48.011,1530.09635,-35.6
2024-06-13T15:48:48.254,1530.06244,-34.9
2024-06-13T15:48:48.533,1543.73207,-32.0
2024-06-13T15:48:48.785,1543.73114,-31.5
2024-06-13T15:48:49.035,1543.73109,-31.8
2024-06-13T15:48:49.253,1543.72974,-31.8
2024-06-13T15:48:49.512,1543.73007,-32.1
2024-06-13T15:48:49.744,1543.72988,-31.9
2024-06-13T15:48:49.994,1543.73001,-32.1
2024-06-13T15:48:50.219,1543.72954,-31.6
2024-06-13T15:48:50.468,1543.72927,-31.9
2024-06-13T15:48:50.715,1543.72897,-32.0
2024-06-13T15:48:50.946,1543.72958,-32.0
2024-06-13T15:48:51.188,1543.72929,-32.1
2024-06-13T15:48:51.416,1543.72951,-31.9
2024-06-13T15:48:51.685,1530.97898,-36.2
2024-06-13T15:48:51.933,1530.30789,-36.2
2024-06-13T15:48:52.197,1530.30857,-35.6
2024-06-13T15:48:52.451,1530.30493,-36.1
2024-06-13T15:48:52.734,1530.30778,-36.1
2024-06-13T15:48:53.009,1530.30737,-36.0
2024-06-13T15:48:53.277,1530.30745,-35.6
2024-06-13T15:48:53.526,1530.08997,-36.4
2024-06-13T15:48:53.780,1530.09135,-36.3
2024-06-13T15:48:54.062,1544.11914,-32.0
2024-06-13T15:48:54.302,1544.12003,-32.1
2024-06-13T15:48:54.538,1544.12197,-32.2
2024-06-13T15:48:54.775,1544.12834,-32.2
2024-06-13T15:48:55.026,1544.12998,-32.1
2024-06-13T15:48:55.248,1544.12913,-32.2
2024-06-13T15:48:55.500,1544.12999,-32.3
2024-06-13T15:48:55.750,1544.13028,-32.0
2024-06-13T15:48:56.021,1544.12884,-32.2
2024-06-13T15:48:56.242,1544.12900,-32.3
2024-06-13T15:48:56.480,1544.12808,-32.1
2024-06-13T15:48:56.723,1544.12799,-33.8
2024-06-13T15:48:56.982,1530.09062,-35.7
2024-06-13T15:48:57.232,1530.09133,-35.6
2024-06-13T15:48:57.495,1530.09105,-35.8
2024-06-13T15:48:57.731,1530.09133,-35.7
2024-06-13T15:48:57.994,1544.53236,-31.5
2024-06-13T15:48:58.218,1544.52774,-32.0
2024-06-13T15:48:58.452,1544.52421,-32.1
2024-06-13T15:48:58.701,1544.52580,-32.1
2024-06-13T15:48:58.931,1544.52652,-31.8
2024-06-13T15:48:59.187,1544.52568,-31.8
2024-06-13T15:48:59.416,1544.52506,-31.9
2024-06-13T15:48:59.671,1544.52519,-31.9
2024-06-13T15:48:59.895,1544.52471,-32.0
2024-06-13T15:49:00.149,1544.52445,-31.9
2024-06-13T15:49:00.391,1544.52465,-32.2
2024-06-13T15:49:00.636,1544.52503,-31.9
2024-06-13T15:49:00.865,1544.52452,-32.0
2024-06-13T15:49:01.115,1544.52507,-32.0
2024-06-13T15:49:01.364,1544.52490,-32.3
2024-06-13T15:49:01.595,1544.52506,-33.7
2024-06-13T15:49:01.837,1530.09263,-36.2
2024-06-13T15:49:02.092,1530.09189,-36.5
2024-06-13T15:49:02.379,1530.09098,-36.4
2024-06-13T15:49:02.613,1530.30880,-35.8
2024-06-13T15:49:02.882,1530.30607,-36.3
2024-06-13T15:49:03.150,1530.01400,-34.8
2024-06-13T15:49:03.423,1544.94644,-33.0
2024-06-13T15:49:03.717,1544.92495,-31.1
2024-06-13T15:49:03.964,1544.92485,-31.2
2024-06-13T15:49:04.190,1544.92340,-31.2
2024-06-13T15:49:04.432,1544.92258,-31.5
2024-06-13T15:49:04.681,1544.92342,-31.3
2024-06-13T15:49:04.911,1544.92355,-31.5
2024-06-13T15:49:05.157,1544.92283,-31.3
2024-06-13T15:49:05.396,1544.92282,-31.5
2024-06-13T15:49:05.659,1544.92253,-31.7
2024-06-13T15:49:05.887,1544.92297,-31.6
2024-06-13T15:49:06.120,1544.92306,-31.6
2024-06-13T15:49:06.366,1544.92313,-31.7
2024-06-13T15:49:06.613,1530.09116,-36.7
2024-06-13T15:49:06.851,1530.73130,-36.3
2024-06-13T15:49:07.106,1530.73109,-36.1
2024-06-13T15:49:07.353,1530.09084,-35.9
2024-06-13T15:49:07.608,1530.09123,-36.3
2024-06-13T15:49:07.874,1530.09124,-36.0
2024-06-13T15:49:08.105,1530.09176,-35.6
2024-06-13T15:49:08.384,1530.09184,-36.5
2024-06-13T15:49:08.655,1530.09149,-35.9
2024-06-13T15:49:08.904,1530.09105,-35.8
2024-06-13T15:49:09.160,1545.31407,-31.8
2024-06-13T15:49:09.390,1545.31499,-32.0
2024-06-13T15:49:09.642,1545.31719,-32.0
2024-06-13T15:49:09.869,1545.32119,-31.8
2024-06-13T15:49:10.117,1545.32301,-31.5
2024-06-13T15:49:10.363,1545.32268,-31.9
2024-06-13T15:49:10.607,1545.32290,-31.9
2024-06-13T15:49:10.859,1545.32287,-31.6
2024-06-13T15:49:11.092,1545.32246,-31.8
2024-06-13T15:49:11.340,1545.32224,-31.9
2024-06-13T15:49:11.564,1545.32185,-31.8
2024-06-13T15:49:11.811,1529.93749,-36.6
2024-06-13T15:49:12.047,1531.61493,-36.3
2024-06-13T15:49:12.332,1530.09154,-35.8
2024-06-13T15:49:12.579,1530.09150,-35.8
2024-06-13T15:49:12.817,1530.09101,-36.0
2024-06-13T15:49:13.070,1530.01635,-35.1
2024-06-13T15:49:13.353,1545.71981,-32.5
2024-06-13T15:49:13.622,1545.72050,-32.8
2024-06-13T15:49:13.867,1545.72062,-32.9
2024-06-13T15:49:14.118,1545.71955,-32.6
2024-06-13T15:49:14.361,1545.71963,-32.9
2024-06-13T15:49:14.590,1545.71969,-32.8
2024-06-13T15:49:14.832,1545.71940,-32.6
2024-06-13T15:49:15.069,1545.71922,-33.0
2024-06-13T15:49:15.325,1545.71929,-32.7
2024-06-13T15:49:15.551,1545.71901,-32.5
2024-06-13T15:49:15.796,1545.71883,-32.9
2024-06-13T15:49:16.036,1545.71893,-32.7
2024-06-13T15:49:16.298,1545.71942,-33.1
2024-06-13T15:49:16.524,1545.72006,-33.5
2024-06-13T15:49:16.757,1530.53479,-36.5
2024-06-13T15:49:17.025,1530.73135,-36.3
2024-06-13T15:49:17.293,1530.73132,-36.2
2024-06-13T15:49:17.534,1530.73181,-36.1
2024-06-13T15:49:17.793,1529.64849,-35.9
2024-06-13T15:49:18.049,1530.56088,-35.8
2024-06-13T15:49:18.337,1546.13546,-33.3
2024-06-13T15:49:18.595,1546.12509,-33.0
2024-06-13T15:49:18.831,1546.11927,-32.8
2024-06-13T15:49:19.059,1546.11969,-33.1
2024-06-13T15:49:19.329,1546.11774,-33.2
2024-06-13T15:49:19.556,1546.11815,-33.3
2024-06-13T15:49:19.795,1546.11766,-33.5
2024-06-13T15:49:20.032,1546.11756,-33.2
2024-06-13T15:49:20.297,1546.11682,-33.3
2024-06-13T15:49:20.522,1546.11707,-33.1
2024-06-13T15:49:20.756,1546.11715,-33.3
2024-06-13T15:49:21.004,1546.11734,-33.3
2024-06-13T15:49:21.251,1546.11779,-33.5
2024-06-13T15:49:21.493,1546.11786,-33.7
2024-06-13T15:49:21.721,1529.89819,-36.5
2024-06-13T15:49:21.977,1529.90591,-36.4
2024-06-13T15:49:22.200,1530.09116,-36.4
2024-06-13T15:49:22.480,1531.61467,-36.7
2024-06-13T15:49:22.735,1531.61571,-37.0
2024-06-13T15:49:23.006,1531.61503,-36.8
2024-06-13T15:49:23.264,1529.65484,-36.4
2024-06-13T15:49:23.534,1530.08633,-35.4
2024-06-13T15:49:23.800,1530.09219,-36.0
2024-06-13T15:49:24.076,1530.03626,-34.9
2024-06-13T15:49:24.358,1546.51144,-32.6
2024-06-13T15:49:24.628,1546.51367,-32.8
2024-06-13T15:49:24.850,1546.51776,-33.1
2024-06-13T15:49:25.092,1546.51834,-33.7
2024-06-13T15:49:25.339,1546.51895,-33.4
2024-06-13T15:49:25.611,1546.51986,-33.5
2024-06-13T15:49:25.848,1546.51942,-33.1
2024-06-13T15:49:26.133,1546.51896,-33.0
2024-06-13T15:49:26.327,1546.51854,-33.0
2024-06-13T15:49:26.571,1530.09187,-37.0
2024-06-13T15:49:26.814,1530.09189,-37.0
2024-06-13T15:49:27.040,1530.09248,-36.3
2024-06-13T15:49:27.315,1529.64860,-36.7
2024-06-13T15:49:27.567,1530.73142,-36.5
2024-06-13T15:49:27.846,1530.31836,-35.7
2024-06-13T15:49:28.079,1546.92413,-33.0
2024-06-13T15:49:28.326,1546.92140,-31.8
2024-06-13T15:49:28.573,1546.91728,-31.8
2024-06-13T15:49:28.816,1546.91722,-31.7
2024-06-13T15:49:29.045,1546.91625,-32.0
2024-06-13T15:49:29.301,1546.91626,-31.7
2024-06-13T15:49:29.520,1546.91597,-31.6
2024-06-13T15:49:29.771,1546.91557,-31.9
2024-06-13T15:49:30.011,1546.91501,-32.0
2024-06-13T15:49:30.250,1546.91576,-31.6
2024-06-13T15:49:30.484,1546.91540,-32.0
2024-06-13T15:49:30.732,1546.91591,-31.8
2024-06-13T15:49:30.978,1546.91582,-31.9
2024-06-13T15:49:31.204,1546.91549,-32.0
2024-06-13T15:49:31.436,1546.91585,-32.0
2024-06-13T15:49:31.676,1546.91667,-32.3
2024-06-13T15:49:31.940,1529.64887,-35.8
2024-06-13T15:49:32.192,1529.64853,-35.8
2024-06-13T15:49:32.429,1529.64835,-36.4
2024-06-13T15:49:32.692,1529.64904,-36.1
2024-06-13T15:49:32.980,1529.99563,-35.0
2024-06-13T15:49:33.226,1530.01605,-34.9
2024-06-13T15:49:33.453,1547.33653,-30.6
2024-06-13T15:49:33.705,1547.32631,-30.6
2024-06-13T15:49:33.972,1547.31647,-30.5
2024-06-13T15:49:34.199,1547.31582,-30.8
2024-06-13T15:49:34.463,1547.31491,-30.7
2024-06-13T15:49:34.695,1547.31520,-30.7
2024-06-13T15:49:34.964,1547.31515,-30.7
2024-06-13T15:49:35.181,1547.31529,-30.9
2024-06-13T15:49:35.417,1547.31498,-30.6
2024-06-13T15:49:35.661,1547.31537,-30.7
2024-06-13T15:49:35.926,1547.31536,-30.8
2024-06-13T15:49:36.148,1547.31567,-30.7
2024-06-13T15:49:36.377,1547.31544,-30.9
2024-06-13T15:49:36.630,1547.31535,-30.9
2024-06-13T15:49:36.850,1530.73166,-37.2
2024-06-13T15:49:37.108,1530.30094,-36.5
2024-06-13T15:49:37.344,1529.64858,-36.5
2024-06-13T15:49:37.619,1529.93783,-36.2
2024-06-13T15:49:37.866,1531.61511,-36.8
2024-06-13T15:49:38.147,1529.64941,-36.1
2024-06-13T15:49:38.401,1530.08629,-35.9
2024-06-13T15:49:38.668,1530.08633,-35.5
2024-06-13T15:49:38.901,1530.08615,-35.9
2024-06-13T15:49:39.156,1547.70897,-31.3
2024-06-13T15:49:39.389,1547.71019,-31.4
2024-06-13T15:49:39.639,1547.71188,-31.4
2024-06-13T15:49:39.864,1547.71645,-31.3
2024-06-13T15:49:40.112,1547.71683,-31.5
2024-06-13T15:49:40.344,1547.71673,-31.4
2024-06-13T15:49:40.621,1547.71622,-31.4
2024-06-13T15:49:40.855,1547.71617,-31.5
2024-06-13T15:49:41.089,1547.71585,-31.4
2024-06-13T15:49:41.328,1547.71582,-31.5
2024-06-13T15:49:41.590,1530.32103,-36.8
2024-06-13T15:49:41.838,1530.32166,-36.3
2024-06-13T15:49:42.104,1530.73208,-36.3
2024-06-13T15:49:42.356,1530.72287,-36.8
2024-06-13T15:49:42.645,1531.61490,-36.9
2024-06-13T15:49:42.911,1531.61288,-35.8
2024-06-13T15:49:43.161,1548.12422,-34.6
2024-06-13T15:49:43.401,1548.11324,-33.6
2024-06-13T15:49:43.647,1548.11428,-33.2
2024-06-13T15:49:43.907,1548.11467,-33.3
2024-06-13T15:49:44.135,1548.11450,-32.9
2024-06-13T15:49:44.364,1548.11413,-33.2
2024-06-13T15:49:44.628,1548.11365,-33.4
2024-06-13T15:49:44.869,1548.11320,-33.3
2024-06-13T15:49:45.127,1548.11374,-33.5
2024-06-13T15:49:45.354,1548.11321,-33.4
2024-06-13T15:49:45.612,1548.11330,-33.6
2024-06-13T15:49:45.835,1548.11346,-33.2
2024-06-13T15:49:46.090,1548.11410,-33.5
2024-06-13T15:49:46.327,1548.11353,-33.4
2024-06-13T15:49:46.576,1548.11393,-33.3
2024-06-13T15:49:46.804,1530.96564,-37.2
2024-06-13T15:49:47.073,1529.67323,-36.2
2024-06-13T15:49:47.337,1531.61549,-36.2
2024-06-13T15:49:47.612,1529.64863,-36.1
2024-06-13T15:49:47.861,1529.64862,-36.3
2024-06-13T15:49:48.114,1529.64615,-36.5
2024-06-13T15:49:48.370,1530.73176,-36.3
2024-06-13T15:49:48.640,1530.73187,-36.1
2024-06-13T15:49:48.870,1530.32533,-36.3
2024-06-13T15:49:49.148,1548.53646,-34.4
2024-06-13T15:49:49.406,1548.52855,-33.9
2024-06-13T15:49:49.648,1548.51863,-33.9
2024-06-13T15:49:49.903,1548.51512,-34.1
2024-06-13T15:49:50.128,1548.51307,-34.1
2024-06-13T15:49:50.377,1548.51297,-34.3
2024-06-13T15:49:50.625,1548.51277,-34.1
2024-06-13T15:49:50.852,1548.51310,-33.9
2024-06-13T15:49:51.091,1548.51325,-34.3
2024-06-13T15:49:51.326,1548.51367,-34.2
2024-06-13T15:49:51.593,1530.73228,-36.5
2024-06-13T15:49:51.817,1530.73216,-36.0
2024-06-13T15:49:52.048,1529.64887,-36.0
2024-06-13T15:49:52.314,1529.64898,-35.8
2024-06-13T15:49:52.599,1529.64857,-36.3
2024-06-13T15:49:52.846,1529.64942,-35.8
2024-06-13T15:49:53.111,1529.64895,-35.7
2024-06-13T15:49:53.342,1529.64901,-35.4
2024-06-13T15:49:53.607,1531.69653,-35.2
2024-06-13T15:49:53.856,1530.04809,-34.6
2024-06-13T15:49:54.118,1548.90865,-33.1
2024-06-13T15:49:54.370,1548.90943,-33.3
2024-06-13T15:49:54.632,1548.91600,-33.5
2024-06-13T15:49:54.866,1548.91562,-33.6
2024-06-13T15:49:55.131,1548.91605,-33.7
2024-06-13T15:49:55.378,1548.91603,-33.4
2024-06-13T15:49:55.635,1548.91563,-33.9
2024-06-13T15:49:55.886,1548.91547,-33.7
2024-06-13T15:49:56.117,1548.91508,-33.6
2024-06-13T15:49:56.353,1548.91453,-33.4
2024-06-13T15:49:56.603,1548.91451,-33.4
2024-06-13T15:49:56.823,1530.73212,-36.4
2024-06-13T15:49:57.069,1529.64887,-36.1
2024-06-13T15:49:57.326,1530.73223,-36.5
2024-06-13T15:49:57.614,1529.64894,-36.3
2024-06-13T15:49:57.866,1529.64871,-36.0
2024-06-13T15:49:58.129,1530.03111,-34.9
2024-06-13T15:49:58.380,1549.32313,-32.1
2024-06-13T15:49:58.660,1549.31526,-32.2
2024-06-13T15:49:58.916,1549.31568,-32.2
2024-06-13T15:49:59.139,1549.31509,-32.1
2024-06-13T15:49:59.390,1549.31472,-32.1
2024-06-13T15:49:59.632,1549.31429,-32.1
2024-06-13T15:49:59.868,1549.31423,-32.1
2024-06-13T15:50:00.106,1549.31381,-32.2
2024-06-13T15:50:00.356,1549.31372,-32.3
2024-06-13T15:50:00.605,1549.31404,-32.2
2024-06-13T15:50:00.834,1549.31428,-32.4
2024-06-13T15:50:01.071,1549.31427,-32.1
2024-06-13T15:50:01.302,1549.31449,-31.9
2024-06-13T15:50:01.569,1531.19751,-36.7
2024-06-13T15:50:01.821,1531.19778,-36.4
2024-06-13T15:50:02.059,1530.73137,-35.9
2024-06-13T15:50:02.300,1529.64877,-36.0
2024-06-13T15:50:02.587,1530.73129,-36.3
2024-06-13T15:50:02.809,1530.73175,-36.0
2024-06-13T15:50:03.072,1530.73183,-36.2
2024-06-13T15:50:03.327,1530.09913,-36.3
2024-06-13T15:50:03.614,1530.73181,-35.9
2024-06-13T15:50:03.882,1530.73127,-35.7
2024-06-13T15:50:04.131,1530.00376,-35.0
2024-06-13T15:50:04.386,1549.73775,-31.2
2024-06-13T15:50:04.657,1549.71535,-31.0
2024-06-13T15:50:04.914,1549.71557,-31.0
2024-06-13T15:50:05.138,1549.71393,-30.9
2024-06-13T15:50:05.417,1549.71366,-31.2
2024-06-13T15:50:05.648,1549.71378,-31.0
2024-06-13T15:50:05.904,1549.71390,-31.0
2024-06-13T15:50:06.126,1549.71348,-31.2
2024-06-13T15:50:06.376,1549.71387,-31.2
2024-06-13T15:50:06.620,1529.64922,-36.2
2024-06-13T15:50:06.854,1529.64905,-36.1
2024-06-13T15:50:07.095,1530.73223,-36.1
2024-06-13T15:50:07.365,1529.64934,-35.6
2024-06-13T15:50:07.614,1530.73197,-36.5
2024-06-13T15:50:07.881,1530.73253,-36.2
2024-06-13T15:50:08.107,1530.73137,-36.1
2024-06-13T15:50:08.366,1530.96464,-36.2
2024-06-13T15:50:08.630,1529.64912,-35.8
2024-06-13T15:50:08.902,1529.66227,-36.3
2024-06-13T15:50:09.158,1550.11037,-31.2
2024-06-13T15:50:09.438,1550.11541,-31.2
2024-06-13T15:50:09.669,1550.11798,-31.4
2024-06-13T15:50:09.920,1550.11695,-31.3
2024-06-13T15:50:10.146,1550.11678,-31.2
2024-06-13T15:50:10.398,1550.11753,-31.4
2024-06-13T15:50:10.643,1550.11740,-31.3
2024-06-13T15:50:10.908,1550.11702,-31.1
2024-06-13T15:50:11.131,1550.11637,-31.2
2024-06-13T15:50:11.387,1550.11585,-31.2
2024-06-13T15:50:11.625,1530.09228,-36.2
2024-06-13T15:50:11.872,1530.09250,-36.1
2024-06-13T15:50:12.100,1530.09151,-36.6
2024-06-13T15:50:12.372,1530.73207,-36.4
2024-06-13T15:50:12.634,1530.73222,-36.3
2024-06-13T15:50:12.886,1530.73233,-36.1
2024-06-13T15:50:13.110,1530.02688,-34.7
2024-06-13T15:50:13.386,1550.51611,-32.8
2024-06-13T15:50:13.642,1550.51781,-32.8
2024-06-13T15:50:13.896,1550.51839,-32.5
2024-06-13T15:50:14.120,1550.51765,-32.5
2024-06-13T15:50:14.364,1550.51667,-32.8
2024-06-13T15:50:14.609,1550.51638,-32.7
2024-06-13T15:50:14.872,1550.51640,-32.8
2024-06-13T15:50:15.095,1550.51612,-32.8
2024-06-13T15:50:15.326,1550.51602,-32.8
2024-06-13T15:50:15.585,1550.51625,-32.9
2024-06-13T15:50:15.828,1550.51601,-33.1
2024-06-13T15:50:16.087,1550.51656,-32.9
2024-06-13T15:50:16.316,1550.51686,-33.3
2024-06-13T15:50:16.569,1550.51685,-33.0
2024-06-13T15:50:16.790,1529.66794,-36.8
2024-06-13T15:50:17.045,1530.73229,-36.6
2024-06-13T15:50:17.300,1530.09179,-36.1
2024-06-13T15:50:17.555,1530.73338,-36.7
2024-06-13T15:50:17.808,1530.08888,-36.3
2024-06-13T15:50:18.087,1529.41127,-36.3
2024-06-13T15:50:18.341,1530.07397,-36.5
2024-06-13T15:50:18.589,1529.85880,-36.5
2024-06-13T15:50:18.853,1529.41128,-36.2
2024-06-13T15:50:19.100,1550.94079,-33.8
2024-06-13T15:50:19.354,1550.93265,-33.9
2024-06-13T15:50:19.600,1550.92319,-33.8
2024-06-13T15:50:19.832,1550.91806,-33.8
2024-06-13T15:50:20.089,1550.91601,-34.1
2024-06-13T15:50:20.319,1550.91655,-33.7
2024-06-13T15:50:20.568,1550.91654,-33.9
2024-06-13T15:50:20.793,1550.91628,-33.9
2024-06-13T15:50:21.038,1550.91667,-33.8
2024-06-13T15:50:21.275,1550.91679,-34.1
2024-06-13T15:50:21.543,1529.64873,-36.9
2024-06-13T15:50:21.790,1530.09259,-36.8
2024-06-13T15:50:22.054,1530.09222,-36.1
2024-06-13T15:50:22.307,1530.09186,-36.1
2024-06-13T15:50:22.593,1530.30885,-36.4
2024-06-13T15:50:22.862,1530.09422,-36.1
2024-06-13T15:50:23.110,1530.12091,-36.5
2024-06-13T15:50:23.390,1530.08833,-36.0
2024-06-13T15:50:23.621,1529.84754,-36.1
2024-06-13T15:50:23.897,1529.84679,-35.5
2024-06-13T15:50:24.147,1551.31361,-34.4
2024-06-13T15:50:24.404,1551.31725,-34.1
2024-06-13T15:50:24.632,1551.32071,-34.3
2024-06-13T15:50:24.888,1551.32010,-34.5
2024-06-13T15:50:25.110,1551.31974,-34.6
2024-06-13T15:50:25.363,1551.32037,-34.4
2024-06-13T15:50:25.609,1551.32017,-34.2
2024-06-13T15:50:25.882,1551.32009,-34.3
2024-06-13T15:50:26.120,1551.31930,-34.3
2024-06-13T15:50:26.376,1551.31855,-34.3
2024-06-13T15:50:26.609,1530.09258,-36.7
2024-06-13T15:50:26.861,1530.09226,-36.2
2024-06-13T15:50:27.109,1530.09243,-35.9
2024-06-13T15:50:27.390,1530.09104,-36.1
2024-06-13T15:50:27.644,1531.61552,-36.2
2024-06-13T15:50:27.912,1530.09950,-36.4
2024-06-13T15:50:28.175,1530.09968,-36.5
2024-06-13T15:50:28.420,1530.73465,-36.7
2024-06-13T15:50:28.676,1530.09924,-36.0
2024-06-13T15:50:28.942,1530.09822,-36.0
2024-06-13T15:50:29.216,1530.07067,-35.4
2024-06-13T15:50:29.471,1551.72619,-33.1
2024-06-13T15:50:29.751,1551.72082,-33.1
2024-06-13T15:50:29.981,1551.72054,-33.1
2024-06-13T15:50:30.230,1551.72080,-33.1
2024-06-13T15:50:30.459,1551.71999,-33.4
2024-06-13T15:50:30.715,1551.71938,-33.5
2024-06-13T15:50:30.943,1551.71953,-33.1
2024-06-13T15:50:31.197,1551.71959,-33.2
2024-06-13T15:50:31.423,1551.71938,-33.5
2024-06-13T15:50:31.673,1530.73246,-36.4
2024-06-13T15:50:31.937,1530.09203,-36.0
2024-06-13T15:50:32.190,1530.09300,-36.0
2024-06-13T15:50:32.414,1530.73240,-35.8
2024-06-13T15:50:32.691,1530.09297,-35.6
2024-06-13T15:50:32.944,1530.09262,-35.6
2024-06-13T15:50:33.202,1530.09064,-35.2
2024-06-13T15:50:33.446,1552.14681,-32.3
2024-06-13T15:50:33.728,1552.12374,-32.2
2024-06-13T15:50:33.955,1552.12265,-32.0
2024-06-13T15:50:34.206,1552.12153,-32.1
2024-06-13T15:50:34.428,1552.12058,-32.3
2024-06-13T15:50:34.684,1552.12122,-32.3
2024-06-13T15:50:34.920,1552.12056,-32.1
2024-06-13T15:50:35.171,1552.12093,-32.2
2024-06-13T15:50:35.396,1552.12044,-32.0
2024-06-13T15:50:35.645,1552.12079,-32.2
2024-06-13T15:50:35.894,1552.12082,-32.3
2024-06-13T15:50:36.120,1552.12110,-32.4
2024-06-13T15:50:36.382,1552.12131,-32.4
2024-06-13T15:50:36.614,1552.12179,-32.3
2024-06-13T15:50:36.881,1530.09766,-36.3
2024-06-13T15:50:37.109,1530.09306,-36.0
2024-06-13T15:50:37.345,1530.09760,-35.7
2024-06-13T15:50:37.585,1530.09766,-35.9
2024-06-13T15:50:37.849,1531.61567,-36.2
2024-06-13T15:50:38.095,1530.09973,-36.1
2024-06-13T15:50:38.363,1530.09415,-35.9
2024-06-13T15:50:38.619,1530.09932,-36.0
2024-06-13T15:50:38.885,1552.52038,-33.3
2024-06-13T15:50:39.116,1552.51976,-32.2
2024-06-13T15:50:39.355,1552.52065,-32.2
2024-06-13T15:50:39.583,1552.52243,-32.0
2024-06-13T15:50:39.849,1552.52662,-32.1
2024-06-13T15:50:40.073,1552.52616,-32.2
2024-06-13T15:50:40.307,1552.52569,-32.2
2024-06-13T15:50:40.560,1552.52548,-32.2
2024-06-13T15:50:40.838,1552.52422,-32.2
2024-06-13T15:50:41.063,1552.52408,-32.2
2024-06-13T15:50:41.297,1552.52398,-32.3
2024-06-13T15:50:41.544,1552.52418,-32.2
2024-06-13T15:50:41.772,1552.52274,-35.0
2024-06-13T15:50:42.053,1530.09612,-36.0
2024-06-13T15:50:42.306,1530.09932,-36.4
2024-06-13T15:50:42.572,1530.09946,-36.0
2024-06-13T15:50:42.818,1530.09555,-36.4
2024-06-13T15:50:43.083,1529.64993,-35.8
2024-06-13T15:50:43.320,1530.08703,-35.7
2024-06-13T15:50:43.584,1530.08703,-36.1
2024-06-13T15:50:43.848,1531.49112,-35.6
2024-06-13T15:50:44.098,1530.03883,-35.0
2024-06-13T15:50:44.359,1552.93426,-32.2
2024-06-13T15:50:44.615,1552.92552,-32.0
2024-06-13T15:50:44.878,1552.92689,-31.9
2024-06-13T15:50:45.107,1552.92680,-32.1
2024-06-13T15:50:45.347,1552.92571,-32.2
2024-06-13T15:50:45.579,1552.92557,-32.2
2024-06-13T15:50:45.847,1552.92512,-32.1
2024-06-13T15:50:46.070,1552.92518,-32.3
2024-06-13T15:50:46.308,1552.92512,-32.2
2024-06-13T15:50:46.563,1552.92504,-32.2
2024-06-13T15:50:46.839,1529.64866,-36.5
2024-06-13T15:50:47.087,1529.64988,-36.4
2024-06-13T15:50:47.351,1529.64971,-36.0
2024-06-13T15:50:47.584,1529.65220,-35.8
2024-06-13T15:50:47.854,1529.64932,-35.8
2024-06-13T15:50:48.077,1529.99662,-35.1
2024-06-13T15:50:48.341,1553.35317,-32.1
2024-06-13T15:50:48.596,1553.34689,-32.0
2024-06-13T15:50:48.863,1553.32937,-32.1
2024-06-13T15:50:49.093,1553.32869,-32.2
2024-06-13T15:50:49.334,1553.32795,-32.2
2024-06-13T15:50:49.568,1553.32745,-32.2
2024-06-13T15:50:49.836,1553.32743,-32.3
2024-06-13T15:50:50.056,1553.32761,-32.3
2024-06-13T15:50:50.291,1553.32789,-32.3
2024-06-13T15:50:50.538,1553.32772,-32.4
2024-06-13T15:50:50.768,1553.32752,-32.3
2024-06-13T15:50:51.030,1553.32793,-32.3
2024-06-13T15:50:51.259,1553.32818,-32.5
2024-06-13T15:50:51.514,1553.32835,-32.3
2024-06-13T15:50:51.737,1553.32672,-34.6
2024-06-13T15:50:51.995,1530.97182,-36.1
2024-06-13T15:50:52.250,1529.64956,-35.9
2024-06-13T15:50:52.526,1529.64961,-35.8
2024-06-13T15:50:52.747,1529.67189,-35.9
2024-06-13T15:50:53.007,1529.64583,-36.2
2024-06-13T15:50:53.259,1529.67622,-36.1
2024-06-13T15:50:53.532,1530.08648,-36.3
2024-06-13T15:50:53.795,1529.65917,-35.8
2024-06-13T15:50:54.061,1553.72772,-32.0
2024-06-13T15:50:54.297,1553.72789,-32.1
2024-06-13T15:50:54.541,1553.73114,-32.1
2024-06-13T15:50:54.799,1553.73252,-32.0
2024-06-13T15:50:55.030,1553.73261,-31.9
2024-06-13T15:50:55.260,1553.73245,-31.9
2024-06-13T15:50:55.517,1553.73266,-32.0
2024-06-13T15:50:55.763,1553.73217,-32.2
2024-06-13T15:50:56.015,1553.73177,-32.2
2024-06-13T15:50:56.245,1553.73170,-32.1
2024-06-13T15:50:56.518,1553.72937,-34.7
2024-06-13T15:50:56.748,1529.64964,-37.0
2024-06-13T15:50:57.035,1529.64960,-36.1
2024-06-13T15:50:57.260,1530.73312,-35.9
2024-06-13T15:50:57.544,1529.64958,-36.2
2024-06-13T15:50:57.811,1530.73402,-36.2
2024-06-13T15:50:58.060,1530.73947,-36.3
2024-06-13T15:50:58.315,1529.41215,-36.2
2024-06-13T15:50:58.571,1530.73969,-36.1
2024-06-13T15:50:58.845,1530.73362,-35.9
2024-06-13T15:50:59.070,1529.65953,-35.3
2024-06-13T15:50:59.352,1554.13393,-32.1
2024-06-13T15:50:59.583,1554.13290,-32.1
2024-06-13T15:50:59.839,1554.13410,-32.2
2024-06-13T15:51:00.060,1554.13347,-32.4
2024-06-13T15:51:00.319,1554.13305,-32.3
2024-06-13T15:51:00.553,1554.13248,-32.0
2024-06-13T15:51:00.802,1554.13235,-32.3
2024-06-13T15:51:01.029,1554.13183,-32.5
2024-06-13T15:51:01.277,1554.13213,-32.2
2024-06-13T15:51:01.527,1554.13135,-34.1
2024-06-13T15:51:01.758,1530.96575,-36.4
2024-06-13T15:51:02.024,1531.61557,-36.4
2024-06-13T15:51:02.296,1529.65002,-36.1
2024-06-13T15:51:02.556,1531.61658,-36.5
2024-06-13T15:51:02.830,1529.65292,-36.0
2024-06-13T15:51:03.077,1531.06850,-36.2
2024-06-13T15:51:03.350,1554.56229,-33.1
2024-06-13T15:51:03.605,1554.55834,-32.7
2024-06-13T15:51:03.865,1554.53776,-32.7
2024-06-13T15:51:04.101,1554.53733,-32.8
2024-06-13T15:51:04.340,1554.53581,-32.8
2024-06-13T15:51:04.577,1554.53538,-32.9
2024-06-13T15:51:04.831,1554.53584,-33.0
2024-06-13T15:51:05.057,1554.53578,-32.7
2024-06-13T15:51:05.300,1554.53609,-32.8
2024-06-13T15:51:05.540,1554.53617,-32.8
2024-06-13T15:51:05.808,1554.53614,-32.9
2024-06-13T15:51:06.032,1554.53653,-32.8
2024-06-13T15:51:06.265,1554.53674,-33.0
2024-06-13T15:51:06.515,1554.53701,-33.1
2024-06-13T15:51:06.769,1529.64981,-36.4
2024-06-13T15:51:07.005,1529.89719,-36.2
2024-06-13T15:51:07.289,1529.89347,-36.2
2024-06-13T15:51:07.550,1529.89537,-36.1
2024-06-13T15:51:07.825,1529.65715,-36.0
2024-06-13T15:51:08.069,1530.09276,-36.1
2024-06-13T15:51:08.333,1529.64903,-36.1
2024-06-13T15:51:08.591,1529.65076,-36.1
2024-06-13T15:51:08.871,1530.01432,-35.0
2024-06-13T15:51:09.141,1554.93627,-32.8
2024-06-13T15:51:09.388,1554.93692,-32.7
2024-06-13T15:51:09.646,1554.94006,-33.1
2024-06-13T15:51:09.875,1554.94065,-33.1
2024-06-13T15:51:10.129,1554.94116,-33.0
2024-06-13T15:51:10.353,1554.94090,-33.0
2024-06-13T15:51:10.623,1554.94042,-33.0
2024-06-13T15:51:10.869,1554.94036,-33.1
2024-06-13T15:51:11.117,1554.94003,-33.2
2024-06-13T15:51:11.341,1554.93946,-33.1
2024-06-13T15:51:11.589,1530.10022,-36.3
2024-06-13T15:51:11.837,1530.98666,-36.6
2024-06-13T15:51:12.069,1530.98649,-36.3
2024-06-13T15:51:12.312,1530.98666,-36.4
2024-06-13T15:51:12.566,1530.98594,-36.4
2024-06-13T15:51:12.851,1529.84846,-35.9
2024-06-13T15:51:13.087,1529.84858,-36.0
2024-06-13T15:51:13.324,1529.84855,-36.5
2024-06-13T15:51:13.570,1529.84888,-36.3
2024-06-13T15:51:13.822,1529.84837,-36.1
2024-06-13T15:51:14.048,1529.97527,-34.9
2024-06-13T15:51:14.310,1555.35326,-31.9
2024-06-13T15:51:14.562,1555.34477,-31.7
2024-06-13T15:51:14.827,1555.34268,-32.1
2024-06-13T15:51:15.056,1555.34271,-32.1
2024-06-13T15:51:15.291,1555.34256,-31.9
2024-06-13T15:51:15.524,1555.34221,-32.1
2024-06-13T15:51:15.791,1555.34206,-32.2
2024-06-13T15:51:16.015,1555.34221,-31.9
2024-06-13T15:51:16.247,1555.34199,-32.0
2024-06-13T15:51:16.495,1555.34226,-32.2
2024-06-13T15:51:16.740,1530.96473,-36.8
2024-06-13T15:51:17.006,1531.61627,-36.6
2024-06-13T15:51:17.260,1531.61646,-36.5
2024-06-13T15:51:17.537,1531.61654,-36.4
2024-06-13T15:51:17.795,1530.08783,-36.8
2024-06-13T15:51:18.062,1530.36990,-35.2
2024-06-13T15:51:18.325,1529.99309,-34.8
2024-06-13T15:51:18.540,1555.77213,-30.9
2024-06-13T15:51:18.829,1555.74779,-30.7
2024-06-13T15:51:19.060,1555.74730,-30.8
2024-06-13T15:51:19.302,1555.74578,-30.8
2024-06-13T15:51:19.534,1555.74554,-30.7
2024-06-13T15:51:19.803,1555.74553,-30.7
2024-06-13T15:51:20.022,1555.74554,-30.8
2024-06-13T15:51:20.246,1555.74584,-30.9
2024-06-13T15:51:20.495,1555.74593,-30.9
2024-06-13T15:51:20.752,1555.74598,-30.8
2024-06-13T15:51:20.986,1555.74621,-30.8
2024-06-13T15:51:21.216,1555.74626,-31.0
2024-06-13T15:51:21.469,1555.74691,-31.0
2024-06-13T15:51:21.695,1555.74710,-31.1
2024-06-13T15:51:21.938,1530.09389,-36.3
2024-06-13T15:51:22.175,1530.09416,-36.0
2024-06-13T15:51:22.440,1530.08764,-35.8
2024-06-13T15:51:22.665,1530.08774,-36.2
2024-06-13T15:51:22.899,1530.08747,-35.8
2024-06-13T15:51:23.164,1530.09155,-35.9
2024-06-13T15:51:23.396,1531.61644,-36.3
2024-06-13T15:51:23.677,1529.66868,-35.9
2024-06-13T15:51:23.938,1529.96479,-35.2
2024-06-13T15:51:24.193,1556.14892,-30.6
2024-06-13T15:51:24.483,1556.15095,-30.5
2024-06-13T15:51:24.713,1556.15096,-30.4
2024-06-13T15:51:24.947,1556.15072,-30.1
2024-06-13T15:51:25.180,1556.15057,-30.4
2024-06-13T15:51:25.449,1556.14986,-30.4
2024-06-13T15:51:25.694,1556.14993,-30.5
2024-06-13T15:51:25.932,1556.15008,-30.4
2024-06-13T15:51:26.170,1556.14984,-30.4
2024-06-13T15:51:26.436,1556.14957,-30.5
2024-06-13T15:51:26.660,1530.96649,-36.5
2024-06-13T15:51:26.918,1530.36369,-36.5
2024-06-13T15:51:27.159,1530.31525,-36.1
2024-06-13T15:51:27.392,1530.56420,-36.5
2024-06-13T15:51:27.670,1530.56278,-35.6
2024-06-13T15:51:27.958,1530.08556,-35.2
2024-06-13T15:51:28.217,1530.01983,-34.6
2024-06-13T15:51:28.496,1556.55470,-30.9
2024-06-13T15:51:28.767,1556.55564,-30.8
2024-06-13T15:51:28.992,1556.55469,-31.0
2024-06-13T15:51:29.233,1556.55457,-30.9
2024-06-13T15:51:29.478,1556.55449,-30.9
2024-06-13T15:51:29.711,1556.55395,-31.0
2024-06-13T15:51:29.958,1556.55329,-30.9
2024-06-13T15:51:30.206,1556.55339,-31.1
2024-06-13T15:51:30.455,1556.55355,-31.1
2024-06-13T15:51:30.680,1556.55345,-31.0
2024-06-13T15:51:30.919,1556.55383,-31.0
2024-06-13T15:51:31.157,1556.55408,-31.0
2024-06-13T15:51:31.420,1556.55384,-31.2
2024-06-13T15:51:31.649,1529.65009,-36.4
2024-06-13T15:51:31.883,1530.96643,-36.2
2024-06-13T15:51:32.152,1529.85828,-35.8
2024-06-13T15:51:32.422,1530.96581,-36.0
2024-06-13T15:51:32.674,1530.09254,-35.9
2024-06-13T15:51:32.960,1529.41212,-35.6
2024-06-13T15:51:33.214,1529.97935,-34.9
2024-06-13T15:51:33.478,1556.98448,-32.4
2024-06-13T15:51:33.746,1556.97454,-32.1
2024-06-13T15:51:33.989,1556.95954,-32.4
2024-06-13T15:51:34.222,1556.95745,-32.7
2024-06-13T15:51:34.469,1556.95743,-32.6
2024-06-13T15:51:34.718,1556.95762,-32.9
2024-06-13T15:51:34.956,1556.95743,-32.9
2024-06-13T15:51:35.185,1556.95714,-33.1
2024-06-13T15:51:35.442,1556.95771,-33.2
2024-06-13T15:51:35.664,1556.95806,-32.9
2024-06-13T15:51:35.922,1556.95855,-33.0
2024-06-13T15:51:36.157,1556.95863,-33.0
2024-06-13T15:51:36.404,1556.95864,-33.1
2024-06-13T15:51:36.628,1556.95872,-33.0
2024-06-13T15:51:36.875,1529.64990,-36.5
2024-06-13T15:51:37.142,1530.73346,-36.5
2024-06-13T15:51:37.412,1529.64957,-36.4
2024-06-13T15:51:37.659,1530.73872,-36.3
2024-06-13T15:51:37.934,1530.73898,-36.6
2024-06-13T15:51:38.207,1530.73921,-36.5
2024-06-13T15:51:38.491,1530.08838,-35.7
2024-06-13T15:51:38.763,1530.08762,-35.5
2024-06-13T15:51:39.015,1530.08553,-35.6
2024-06-13T15:51:39.263,1557.36207,-33.6
2024-06-13T15:51:39.494,1557.36364,-33.6
2024-06-13T15:51:39.764,1557.36299,-33.8
2024-06-13T15:51:39.989,1557.36319,-33.6
2024-06-13T15:51:40.228,1557.36294,-33.5
2024-06-13T15:51:40.471,1557.36286,-33.6
2024-06-13T15:51:40.754,1557.36285,-33.5
2024-06-13T15:51:40.978,1557.36261,-33.7
2024-06-13T15:51:41.214,1557.36208,-33.6
2024-06-13T15:51:41.460,1557.36210,-33.6
2024-06-13T15:51:41.716,1530.73308,-36.9
2024-06-13T15:51:41.948,1530.73326,-36.3
2024-06-13T15:51:42.176,1530.73271,-36.2
2024-06-13T15:51:42.449,1530.73313,-36.9
2024-06-13T15:51:42.677,1530.73313,-36.4
2024-06-13T15:51:42.931,1529.41057,-35.3
2024-06-13T15:51:43.186,1557.78249,-33.8
2024-06-13T15:51:43.436,1557.77826,-32.5
2024-06-13T15:51:43.663,1557.76730,-32.4
2024-06-13T15:51:43.922,1557.76770,-32.7
2024-06-13T15:51:44.151,1557.76772,-32.5
2024-06-13T15:51:44.399,1557.76782,-32.5
2024-06-13T15:51:44.626,1557.76739,-32.6
2024-06-13T15:51:44.870,1557.76719,-32.7
2024-06-13T15:51:45.104,1557.76662,-32.5
2024-06-13T15:51:45.313,1557.76673,-32.5
2024-06-13T15:51:45.534,1557.76712,-32.7
2024-06-13T15:51:45.767,1557.76727,-32.6
2024-06-13T15:51:45.991,1557.76682,-32.4
2024-06-13T15:51:46.210,1557.76699,-32.5
2024-06-13T15:51:46.440,1557.76742,-32.7
2024-06-13T15:51:46.651,1557.76658,-34.9
2024-06-13T15:51:46.888,1530.96599,-36.5
2024-06-13T15:51:47.131,1530.96650,-36.2
2024-06-13T15:51:47.387,1529.64691,-36.1
2024-06-13T15:51:47.616,1530.98636,-36.3
2024-06-13T15:51:47.889,1529.41221,-36.5
2024-06-13T15:51:48.148,1530.01336,-35.3
2024-06-13T15:51:48.428,1529.99684,-35.0
2024-06-13T15:51:48.652,1558.19655,-31.3
2024-06-13T15:51:48.937,1558.17384,-30.9
2024-06-13T15:51:49.165,1558.17319,-31.0
2024-06-13T15:51:49.419,1558.17230,-31.0
2024-06-13T15:51:49.642,1558.17147,-31.1
2024-06-13T15:51:49.900,1558.17171,-31.2
2024-06-13T15:51:50.136,1558.17153,-31.1
2024-06-13T15:51:50.386,1558.17166,-31.2
2024-06-13T15:51:50.614,1558.17211,-31.2
2024-06-13T15:51:50.861,1558.17206,-31.1
2024-06-13T15:51:51.103,1558.17231,-31.2
2024-06-13T15:51:51.333,1558.17264,-31.1
2024-06-13T15:51:51.574,1558.17237,-31.2
2024-06-13T15:51:51.801,1558.17147,-34.0
2024-06-13T15:51:52.068,1530.96609,-35.7
2024-06-13T15:51:52.292,1530.96612,-35.8
2024-06-13T15:51:52.549,1530.98615,-36.0
2024-06-13T15:51:52.805,1530.98652,-36.4
2024-06-13T15:51:53.075,1529.64346,-36.1
2024-06-13T15:51:53.298,1529.63974,-36.6
2024-06-13T15:51:53.565,1530.73285,-36.6
2024-06-13T15:51:53.819,1530.73310,-36.2
2024-06-13T15:51:54.088,1558.57723,-30.4
2024-06-13T15:51:54.318,1558.57821,-30.4
2024-06-13T15:51:54.556,1558.57859,-30.5
2024-06-13T15:51:54.793,1558.57893,-30.5
2024-06-13T15:51:55.060,1558.57762,-30.3
2024-06-13T15:51:55.286,1558.57775,-30.3
2024-06-13T15:51:55.522,1558.57784,-30.3
2024-06-13T15:51:55.785,1558.57752,-30.3
2024-06-13T15:51:56.050,1558.57692,-30.5
2024-06-13T15:51:56.275,1558.57650,-30.4
2024-06-13T15:51:56.509,1558.57685,-30.5
2024-06-13T15:51:56.756,1558.57678,-33.5
2024-06-13T15:51:56.986,1531.58134,-36.4
2024-06-13T15:51:57.258,1530.96507,-36.6
2024-06-13T15:51:57.513,1529.66735,-36.6
2024-06-13T15:51:57.793,1529.63591,-36.3
2024-06-13T15:51:58.044,1530.06191,-35.4
2024-06-13T15:51:58.287,1558.99647,-31.3
2024-06-13T15:51:58.561,1558.98267,-30.4
2024-06-13T15:51:58.798,1558.98439,-30.3
2024-06-13T15:51:59.082,1558.98298,-30.4
2024-06-13T15:51:59.311,1558.98329,-30.4
2024-06-13T15:51:59.551,1558.98306,-30.3
2024-06-13T15:51:59.784,1558.98276,-30.4
2024-06-13T15:52:00.049,1558.98204,-30.3
2024-06-13T15:52:00.274,1558.98169,-30.3
2024-06-13T15:52:00.509,1558.98205,-30.3
2024-06-13T15:52:00.756,1558.98244,-30.4
2024-06-13T15:52:01.003,1558.98196,-30.4
2024-06-13T15:52:01.242,1558.98201,-30.4
2024-06-13T15:52:01.466,1558.98254,-30.5
2024-06-13T15:52:01.723,1558.98269,-32.6
2024-06-13T15:52:01.947,1528.99301,-36.7
2024-06-13T15:52:02.205,1530.73294,-36.4
2024-06-13T15:52:02.440,1528.99186,-36.3
2024-06-13T15:52:02.683,1528.99093,-36.6
2024-06-13T15:52:02.945,1530.30735,-36.4
2024-06-13T15:52:03.201,1559.41725,-34.3
2024-06-13T15:52:03.457,1559.41241,-31.4
2024-06-13T15:52:03.712,1559.40223,-31.3
2024-06-13T15:52:03.939,1559.39177,-31.4
2024-06-13T15:52:04.193,1559.38863,-31.5
2024-06-13T15:52:04.434,1559.38757,-31.5
2024-06-13T15:52:04.677,1559.38735,-31.5
2024-06-13T15:52:04.908,1559.38788,-31.7
2024-06-13T15:52:05.157,1559.38829,-31.6
2024-06-13T15:52:05.402,1559.38811,-31.5
2024-06-13T15:52:05.632,1559.38800,-31.6
2024-06-13T15:52:05.872,1559.38808,-31.7
2024-06-13T15:52:06.106,1559.38837,-31.8
2024-06-13T15:52:06.371,1559.38924,-31.8
2024-06-13T15:52:06.594,1559.38937,-33.1
2024-06-13T15:52:06.829,1530.73331,-37.4
2024-06-13T15:52:07.076,1530.73300,-37.3
2024-06-13T15:52:07.329,1531.61535,-36.5
2024-06-13T15:52:07.569,1529.67499,-37.0
2024-06-13T15:52:07.823,1531.61624,-36.9
2024-06-13T15:52:08.089,1531.61703,-36.7
2024-06-13T15:52:08.327,1531.61585,-37.3
2024-06-13T15:52:08.599,1531.61591,-37.1
2024-06-13T15:52:08.834,1530.32136,-36.8
2024-06-13T15:52:09.108,1530.32140,-35.4
2024-06-13T15:52:09.408,1559.79569,-32.6
2024-06-13T15:52:09.672,1559.79541,-32.7
2024-06-13T15:52:09.902,1559.79481,-32.2
2024-06-13T15:52:10.141,1559.79472,-32.2
2024-06-13T15:52:10.388,1559.79464,-32.3
2024-06-13T15:52:10.634,1559.79390,-32.6
2024-06-13T15:52:10.893,1559.79390,-32.7
2024-06-13T15:52:11.118,1559.79381,-32.7
2024-06-13T15:52:11.388,1559.79386,-32.6
2024-06-13T15:52:11.617,1559.79358,-33.0
2024-06-13T15:52:11.855,1530.09871,-37.0
2024-06-13T15:52:12.092,1530.09788,-36.8
2024-06-13T15:52:12.377,1530.73273,-36.7
2024-06-13T15:52:12.627,1530.73182,-36.7
2024-06-13T15:52:12.891,1530.73242,-36.6
2024-06-13T15:52:13.147,1529.64750,-35.9
2024-06-13T15:52:13.427,1560.20016,-32.6
2024-06-13T15:52:13.676,1560.20115,-32.7
2024-06-13T15:52:13.905,1560.20164,-32.5
2024-06-13T15:52:14.144,1560.19963,-32.8
2024-06-13T15:52:14.392,1560.19987,-32.5
2024-06-13T15:52:14.622,1560.19937,-32.5
2024-06-13T15:52:14.871,1560.19919,-32.6
2024-06-13T15:52:15.099,1560.19941,-32.7
2024-06-13T15:52:15.369,1560.19916,-32.7
2024-06-13T15:52:15.589,1560.19905,-33.0
2024-06-13T15:52:15.826,1560.19901,-32.6
2024-06-13T15:52:16.072,1560.19904,-32.8
2024-06-13T15:52:16.331,1560.19950,-32.8
2024-06-13T15:52:16.557,1560.19939,-33.2
2024-06-13T15:52:16.787,1529.41220,-37.3
2024-06-13T15:52:17.059,1529.41140,-37.4
2024-06-13T15:52:17.321,1530.96634,-36.8
2024-06-13T15:52:17.581,1530.09175,-36.7
2024-06-13T15:52:17.846,1530.09172,-36.9
2024-06-13T15:52:18.119,1529.41098,-37.1
2024-06-13T15:52:18.389,1529.41157,-36.9
2024-06-13T15:52:18.643,1530.09210,-36.6
2024-06-13T15:52:18.923,1529.64899,-36.0
2024-06-13T15:52:19.188,1529.99540,-35.8
2024-06-13T15:52:19.449,1560.58393,-32.3
2024-06-13T15:52:19.740,1560.58853,-32.3
2024-06-13T15:52:19.980,1560.59308,-32.4
2024-06-13T15:52:20.233,1560.60314,-32.5
2024-06-13T15:52:20.466,1560.60810,-32.4
2024-06-13T15:52:20.713,1560.60827,-32.6
2024-06-13T15:52:20.943,1560.60738,-32.8
2024-06-13T15:52:21.188,1560.60739,-32.7
2024-06-13T15:52:21.416,1560.60795,-32.7
2024-06-13T15:52:21.682,1529.89881,-37.0
2024-06-13T15:52:21.905,1529.89965,-36.5
2024-06-13T15:52:22.166,1530.73204,-36.5
2024-06-13T15:52:22.423,1530.73197,-36.7
2024-06-13T15:52:22.709,1530.73186,-37.1
2024-06-13T15:52:22.937,1530.73196,-35.9
2024-06-13T15:52:23.179,1561.01115,-31.9
2024-06-13T15:52:23.413,1561.01266,-31.7
2024-06-13T15:52:23.679,1561.01109,-31.7
2024-06-13T15:52:23.903,1561.01100,-31.6
2024-06-13T15:52:24.138,1561.01109,-31.5
2024-06-13T15:52:24.384,1561.01145,-31.5
2024-06-13T15:52:24.638,1561.01121,-31.9
2024-06-13T15:52:24.874,1561.01168,-31.8
2024-06-13T15:52:25.101,1561.01130,-31.6
2024-06-13T15:52:25.356,1561.01142,-31.7
2024-06-13T15:52:25.594,1561.01113,-31.8
2024-06-13T15:52:25.856,1561.01144,-31.9
2024-06-13T15:52:26.086,1561.01195,-31.9
2024-06-13T15:52:26.355,1561.01185,-32.0
2024-06-13T15:52:26.573,1561.01238,-32.1
2024-06-13T15:52:26.812,1530.73223,-37.4
2024-06-13T15:52:27.056,1530.73209,-37.1
2024-06-13T15:52:27.317,1530.73206,-37.2
2024-06-13T15:52:27.562,1530.09689,-37.2
2024-06-13T15:52:27.824,1530.73144,-36.6
2024-06-13T15:52:28.080,1530.73205,-36.3
2024-06-13T15:52:28.369,1561.42123,-31.3
2024-06-13T15:52:28.596,1561.41927,-31.4
2024-06-13T15:52:28.838,1561.42100,-31.4
2024-06-13T15:52:29.071,1561.42038,-31.3
2024-06-13T15:52:29.339,1561.41899,-31.3
2024-06-13T15:52:29.563,1561.41905,-31.4
2024-06-13T15:52:29.811,1561.41858,-31.3
2024-06-13T15:52:30.061,1561.41862,-31.4
2024-06-13T15:52:30.320,1561.41849,-31.4
2024-06-13T15:52:30.548,1561.41882,-31.5
2024-06-13T15:52:30.780,1561.41853,-31.4
2024-06-13T15:52:31.028,1561.41882,-31.4
2024-06-13T15:52:31.258,1561.41871,-31.4
2024-06-13T15:52:31.513,1561.41903,-31.6
2024-06-13T15:52:31.745,1528.99332,-37.4
2024-06-13T15:52:32.000,1530.73225,-36.9
2024-06-13T15:52:32.253,1530.95368,-36.6
2024-06-13T15:52:32.510,1528.99262,-36.5
2024-06-13T15:52:32.764,1528.99269,-36.7
2024-06-13T15:52:33.012,1528.99285,-36.8
2024-06-13T15:52:33.237,1530.72897,-36.4
2024-06-13T15:52:33.520,1561.84786,-31.2
2024-06-13T15:52:33.748,1561.83342,-31.3
2024-06-13T15:52:34.003,1561.82796,-31.3
2024-06-13T15:52:34.227,1561.82757,-31.3
2024-06-13T15:52:34.482,1561.82484,-31.3
2024-06-13T15:52:34.718,1561.82531,-31.3
2024-06-13T15:52:34.967,1561.82547,-31.4
2024-06-13T15:52:35.193,1561.82497,-31.5
2024-06-13T15:52:35.443,1561.82562,-31.4
2024-06-13T15:52:35.689,1561.82489,-31.4
2024-06-13T15:52:35.920,1561.82542,-31.4
2024-06-13T15:52:36.162,1561.82561,-31.4
2024-06-13T15:52:36.392,1561.82634,-31.6
2024-06-13T15:52:36.662,1530.73186,-37.7
2024-06-13T15:52:36.884,1531.61522,-37.3
2024-06-13T15:52:37.119,1531.61492,-37.5
2024-06-13T15:52:37.365,1531.61473,-37.4
2024-06-13T15:52:37.625,1528.99281,-36.0
2024-06-13T15:52:37.874,1528.99254,-36.4
2024-06-13T15:52:38.130,1529.65407,-36.4
2024-06-13T15:52:38.389,1530.73150,-36.6
2024-06-13T15:52:38.678,1530.09132,-36.8
2024-06-13T15:52:38.934,1530.09167,-35.7
2024-06-13T15:52:39.195,1562.23279,-31.1
2024-06-13T15:52:39.427,1562.23373,-30.7
2024-06-13T15:52:39.686,1562.23325,-31.1
2024-06-13T15:52:39.919,1562.23328,-30.9
2024-06-13T15:52:40.174,1562.23320,-30.8
2024-06-13T15:52:40.429,1562.23247,-30.6
2024-06-13T15:52:40.692,1562.23203,-30.8
2024-06-13T15:52:40.932,1562.23235,-30.9
2024-06-13T15:52:41.170,1562.23236,-30.7
2024-06-13T15:52:41.410,1562.23202,-30.9
2024-06-13T15:52:41.661,1562.23222,-31.0
2024-06-13T15:52:41.887,1528.99292,-37.5
2024-06-13T15:52:42.136,1531.40391,-36.9
2024-06-13T15:52:42.390,1530.73277,-36.4
2024-06-13T15:52:42.658,1530.09169,-36.4
2024-06-13T15:52:42.911,1530.09151,-36.4
2024-06-13T15:52:43.153,1530.57402,-36.3
2024-06-13T15:52:43.406,1530.09499,-36.9
2024-06-13T15:52:43.689,1530.73069,-36.5
2024-06-13T15:52:43.929,1530.06360,-36.8
2024-06-13T15:52:44.167,1530.02057,-36.0
2024-06-13T15:52:44.432,1562.63822,-31.3
2024-06-13T15:52:44.699,1562.63950,-31.2
2024-06-13T15:52:44.949,1562.63970,-31.4
2024-06-13T15:52:45.175,1562.63850,-31.1
2024-06-13T15:52:45.415,1562.63811,-30.8
2024-06-13T15:52:45.665,1562.63829,-30.9
2024-06-13T15:52:45.893,1562.63804,-30.8
2024-06-13T15:52:46.143,1562.63809,-30.9
2024-06-13T15:52:46.374,1562.63784,-31.0
2024-06-13T15:52:46.642,1528.99208,-37.5
2024-06-13T15:52:46.891,1530.32068,-36.8
2024-06-13T15:52:47.157,1530.30640,-37.1
2024-06-13T15:52:47.388,1530.30612,-37.1
2024-06-13T15:52:47.659,1531.61434,-37.2
2024-06-13T15:52:47.886,1531.61447,-37.3
2024-06-13T15:52:48.151,1530.31854,-35.8
2024-06-13T15:52:48.406,1530.32117,-35.3
2024-06-13T15:52:48.687,1563.03113,-31.7
2024-06-13T15:52:48.933,1563.03404,-31.6
2024-06-13T15:52:49.165,1563.03810,-31.5
2024-06-13T15:52:49.403,1563.04441,-31.7
2024-06-13T15:52:49.653,1563.04861,-31.7
2024-06-13T15:52:49.881,1563.05015,-31.7
2024-06-13T15:52:50.130,1563.04979,-32.2
2024-06-13T15:52:50.365,1563.04968,-32.1
2024-06-13T15:52:50.648,1563.04920,-31.6
2024-06-13T15:52:50.875,1563.04912,-31.8
2024-06-13T15:52:51.113,1563.04898,-31.8
2024-06-13T15:52:51.350,1563.04892,-32.0
2024-06-13T15:52:51.615,1528.99193,-36.2
2024-06-13T15:52:51.861,1531.19736,-36.0
2024-06-13T15:52:52.098,1531.61470,-36.2
2024-06-13T15:52:52.361,1531.61462,-36.4
2024-06-13T15:52:52.630,1530.09837,-36.4
2024-06-13T15:52:52.881,1530.09051,-35.6
2024-06-13T15:52:53.146,1563.45396,-32.7
2024-06-13T15:52:53.375,1563.45546,-32.6
2024-06-13T15:52:53.645,1563.45372,-32.7
2024-06-13T15:52:53.872,1563.45356,-32.8
2024-06-13T15:52:54.113,1563.45360,-32.9
2024-06-13T15:52:54.345,1563.45360,-32.7
2024-06-13T15:52:54.605,1563.45312,-32.5
2024-06-13T15:52:54.831,1563.45353,-32.6
2024-06-13T15:52:55.063,1563.45381,-32.8
2024-06-13T15:52:55.312,1563.45364,-32.7
2024-06-13T15:52:55.547,1563.45369,-32.8
2024-06-13T15:52:55.817,1563.45412,-33.0
2024-06-13T15:52:56.050,1563.45399,-33.0
2024-06-13T15:52:56.302,1563.45417,-33.0
2024-06-13T15:52:56.526,1563.45441,-33.0
2024-06-13T15:52:56.784,1530.57384,-36.8
2024-06-13T15:52:57.017,1530.09166,-36.8
2024-06-13T15:52:57.289,1530.57295,-36.8
2024-06-13T15:52:57.538,1530.09122,-36.6
2024-06-13T15:52:57.819,1530.09174,-36.9
2024-06-13T15:52:58.071,1530.08827,-35.3
2024-06-13T15:52:58.317,1563.87744,-33.6
2024-06-13T15:52:58.549,1563.86899,-33.4
2024-06-13T15:52:58.808,1563.86411,-33.5
2024-06-13T15:52:59.036,1563.86283,-33.5
2024-06-13T15:52:59.290,1563.86273,-33.4
2024-06-13T15:52:59.515,1563.86260,-33.4
2024-06-13T15:52:59.772,1563.86198,-33.3
2024-06-13T15:53:00.009,1563.86170,-33.3
2024-06-13T15:53:00.260,1563.86175,-33.3
2024-06-13T15:53:00.485,1563.86148,-33.3
2024-06-13T15:53:00.739,1563.86163,-33.5
2024-06-13T15:53:00.997,1563.86216,-33.5
2024-06-13T15:53:01.241,1563.86252,-33.3
2024-06-13T15:53:01.473,1563.86244,-33.5
2024-06-13T15:53:01.716,1530.53628,-37.7
2024-06-13T15:53:01.964,1530.96504,-37.0
2024-06-13T15:53:02.219,1530.96634,-37.2
2024-06-13T15:53:02.488,1529.90429,-36.3
2024-06-13T15:53:02.745,1530.74005,-36.9
2024-06-13T15:53:03.022,1529.66469,-36.5
2024-06-13T15:53:03.297,1530.31871,-36.6
2024-06-13T15:53:03.522,1529.66419,-36.6
2024-06-13T15:53:03.794,1530.09117,-36.4
2024-06-13T15:53:04.049,1529.66490,-35.9
2024-06-13T15:53:04.330,1564.25046,-32.0
2024-06-13T15:53:04.600,1564.25280,-32.0
2024-06-13T15:53:04.827,1564.25709,-32.0
2024-06-13T15:53:05.070,1564.26473,-31.9
2024-06-13T15:53:05.314,1564.26749,-31.9
2024-06-13T15:53:05.577,1564.27254,-31.8
2024-06-13T15:53:05.804,1564.27272,-31.8
2024-06-13T15:53:06.036,1564.27258,-31.8
2024-06-13T15:53:06.285,1564.27277,-31.8
2024-06-13T15:53:06.513,1564.27231,-31.9
2024-06-13T15:53:06.771,1530.73127,-36.5
2024-06-13T15:53:07.023,1530.09115,-36.7
2024-06-13T15:53:07.296,1530.73125,-36.4
2024-06-13T15:53:07.558,1530.73095,-36.7
2024-06-13T15:53:07.828,1530.73013,-35.6
2024-06-13T15:53:08.092,1564.67876,-31.7
2024-06-13T15:53:08.329,1564.67953,-30.5
2024-06-13T15:53:08.597,1564.67883,-30.1
2024-06-13T15:53:08.821,1564.67896,-30.2
2024-06-13T15:53:09.056,1564.67882,-30.3
2024-06-13T15:53:09.301,1564.67858,-30.2
2024-06-13T15:53:09.562,1564.67829,-30.2
2024-06-13T15:53:09.793,1564.67863,-30.5
2024-06-13T15:53:10.028,1564.67846,-30.5
2024-06-13T15:53:10.277,1564.67845,-30.4
2024-06-13T15:53:10.504,1564.67856,-30.4
2024-06-13T15:53:10.786,1564.67856,-30.5
2024-06-13T15:53:11.017,1564.67839,-30.5
2024-06-13T15:53:11.288,1564.67873,-30.5
2024-06-13T15:53:11.517,1564.67804,-30.5
2024-06-13T15:53:11.775,1529.64782,-36.9
2024-06-13T15:53:12.004,1530.73118,-36.8
2024-06-13T15:53:12.260,1532.24450,-36.7
2024-06-13T15:53:12.510,1530.31926,-36.4
2024-06-13T15:53:12.786,1529.90489,-36.9
2024-06-13T15:53:13.039,1530.31333,-36.7
2024-06-13T15:53:13.288,1530.31526,-36.8
2024-06-13T15:53:13.549,1530.14673,-36.7
2024-06-13T15:53:13.823,1530.14712,-36.7
2024-06-13T15:53:14.060,1530.00183,-35.4
2024-06-13T15:53:14.319,1530.05169,-35.0
2024-06-13T15:53:14.576,1565.08642,-29.9
2024-06-13T15:53:14.824,1565.08782,-30.0
2024-06-13T15:53:15.063,1565.08624,-30.0
2024-06-13T15:53:15.304,1565.08571,-30.0
2024-06-13T15:53:15.568,1565.08554,-30.0
2024-06-13T15:53:15.794,1565.08521,-30.1
2024-06-13T15:53:16.027,1565.08524,-30.1
2024-06-13T15:53:16.271,1565.08545,-29.9
2024-06-13T15:53:16.497,1565.08535,-30.1
2024-06-13T15:53:16.755,1530.57128,-37.1
2024-06-13T15:53:17.012,1529.93811,-36.7
2024-06-13T15:53:17.264,1530.09146,-36.7
2024-06-13T15:53:17.515,1530.09254,-36.9
2024-06-13T15:53:17.772,1529.93777,-36.2
2024-06-13T15:53:18.027,1530.09146,-36.4
2024-06-13T15:53:18.294,1530.09086,-35.6
2024-06-13T15:53:18.568,1565.47824,-32.4
2024-06-13T15:53:18.832,1565.48380,-30.3
2024-06-13T15:53:19.095,1565.48713,-30.3
2024-06-13T15:53:19.325,1565.49048,-30.0
2024-06-13T15:53:19.596,1565.49871,-30.2
2024-06-13T15:53:19.825,1565.49857,-30.1
2024-06-13T15:53:20.060,1565.49845,-30.1
2024-06-13T15:53:20.305,1565.49873,-30.0
2024-06-13T15:53:20.555,1565.49781,-30.3
2024-06-13T15:53:20.780,1565.49771,-30.3
2024-06-13T15:53:21.012,1565.49757,-30.3
2024-06-13T15:53:21.259,1565.49737,-30.5
2024-06-13T15:53:21.511,1565.49646,-30.5
2024-06-13T15:53:21.761,1565.49468,-35.5
2024-06-13T15:53:21.993,1532.24423,-36.4
2024-06-13T15:53:22.280,1530.09152,-37.0
2024-06-13T15:53:22.542,1530.09177,-37.0
2024-06-13T15:53:22.777,1530.09036,-36.8
2024-06-13T15:53:23.035,1565.90701,-35.2
2024-06-13T15:53:23.295,1565.90524,-31.6
2024-06-13T15:53:23.567,1565.90610,-31.5
2024-06-13T15:53:23.798,1565.90508,-31.2
2024-06-13T15:53:24.056,1565.90443,-31.4
2024-06-13T15:53:24.291,1565.90422,-31.6
2024-06-13T15:53:24.538,1565.90388,-31.7
2024-06-13T15:53:24.766,1565.90391,-31.7
2024-06-13T15:53:25.012,1565.90446,-31.6
2024-06-13T15:53:25.259,1565.90466,-31.7
2024-06-13T15:53:25.493,1565.90494,-31.5
2024-06-13T15:53:25.759,1565.90478,-31.5
2024-06-13T15:53:25.988,1565.90476,-31.4
2024-06-13T15:53:26.253,1565.90444,-31.8
2024-06-13T15:53:26.482,1565.90520,-31.5
2024-06-13T15:53:26.720,1565.90429,-35.3
2024-06-13T15:53:26.956,1530.09173,-36.9
2024-06-13T15:53:27.221,1529.90594,-36.7
2024-06-13T15:53:27.469,1529.90519,-36.8
2024-06-13T15:53:27.737,1529.90498,-36.9
2024-06-13T15:53:27.967,1529.90469,-36.6
2024-06-13T15:53:28.255,1566.32687,-33.4
2024-06-13T15:53:28.516,1566.31725,-33.2
2024-06-13T15:53:28.751,1566.31573,-33.5
2024-06-13T15:53:28.979,1566.31682,-33.4
2024-06-13T15:53:29.249,1566.31337,-33.2
2024-06-13T15:53:29.479,1566.31348,-33.2
2024-06-13T15:53:29.717,1566.31349,-33.4
2024-06-13T15:53:29.949,1566.31339,-33.2
2024-06-13T15:53:30.214,1566.31336,-33.1
2024-06-13T15:53:30.434,1566.31387,-33.5
2024-06-13T15:53:30.667,1566.31336,-33.6
2024-06-13T15:53:30.918,1566.31363,-33.5
2024-06-13T15:53:31.147,1566.31389,-33.4
2024-06-13T15:53:31.403,1566.31462,-33.6
2024-06-13T15:53:31.635,1566.31280,-35.4
2024-06-13T15:53:31.911,1530.09899,-37.0
2024-06-13T15:53:32.139,1531.61551,-36.8
2024-06-13T15:53:32.421,1530.09097,-36.7
2024-06-13T15:53:32.674,1530.09352,-36.5
2024-06-13T15:53:32.940,1530.09200,-36.5
2024-06-13T15:53:33.211,1530.09174,-36.7
2024-06-13T15:53:33.449,1530.30813,-36.7
2024-06-13T15:53:33.718,1530.08905,-36.8
2024-06-13T15:53:33.970,1530.09049,-37.2
2024-06-13T15:53:34.258,1566.70336,-32.8
2024-06-13T15:53:34.491,1566.70530,-32.5
2024-06-13T15:53:34.734,1566.70931,-32.9
2024-06-13T15:53:34.971,1566.71732,-32.8
2024-06-13T15:53:35.225,1566.72022,-32.5
2024-06-13T15:53:35.453,1566.72561,-32.8
2024-06-13T15:53:35.700,1566.72550,-32.7
2024-06-13T15:53:35.938,1566.72548,-32.8
2024-06-13T15:53:36.201,1566.72501,-33.0
2024-06-13T15:53:36.425,1566.72499,-33.2
2024-06-13T15:53:36.655,1566.72451,-34.6
2024-06-13T15:53:36.902,1530.09178,-37.2
2024-06-13T15:53:37.131,1530.09139,-37.0
2024-06-13T15:53:37.409,1530.73184,-37.0
2024-06-13T15:53:37.663,1530.73199,-37.2
2024-06-13T15:53:37.910,1530.73214,-37.0
2024-06-13T15:53:38.139,1531.61544,-36.6
2024-06-13T15:53:38.398,1530.09904,-36.6
2024-06-13T15:53:38.651,1530.73185,-36.9
2024-06-13T15:53:38.929,1530.73164,-36.9
2024-06-13T15:53:39.186,1530.73148,-36.8
2024-06-13T15:53:39.453,1567.13072,-31.6
2024-06-13T15:53:39.718,1567.13101,-31.5
2024-06-13T15:53:39.946,1567.13221,-31.4
2024-06-13T15:53:40.215,1567.13153,-31.5
2024-06-13T15:53:40.437,1567.13149,-31.4
2024-06-13T15:53:40.696,1567.13139,-31.5
2024-06-13T15:53:40.932,1567.13139,-31.5
2024-06-13T15:53:41.194,1567.13094,-31.3
2024-06-13T15:53:41.421,1567.13119,-31.5
2024-06-13T15:53:41.664,1567.13095,-31.6
2024-06-13T15:53:41.900,1567.13096,-31.5
2024-06-13T15:53:42.179,1567.13102,-31.8
2024-06-13T15:53:42.404,1567.13110,-31.5
2024-06-13T15:53:42.635,1567.13102,-31.6
2024-06-13T15:53:42.884,1567.13126,-31.5
2024-06-13T15:53:43.110,1567.13175,-31.6
2024-06-13T15:53:43.368,1567.13138,-31.5
2024-06-13T15:53:43.599,1567.13163,-31.5
2024-06-13T15:53:43.851,1567.13194,-31.6
2024-06-13T15:53:44.077,1567.13159,-31.8
2024-06-13T15:53:44.327,1567.13173,-31.9
2024-06-13T15:53:44.571,1567.13174,-32.0
2024-06-13T15:53:44.797,1567.13168,-32.2
2024-06-13T15:53:45.038,1567.13164,-32.2
2024-06-13T15:53:45.274,1567.13173,-31.9
2024-06-13T15:53:45.530,1567.13178,-31.9
2024-06-13T15:53:45.752,1567.13191,-31.9
2024-06-13T15:53:45.994,1567.13127,-32.0
2024-06-13T15:53:46.239,1567.13154,-31.8
2024-06-13T15:53:46.502,1567.13148,-32.0
2024-06-13T15:53:46.724,1567.13184,-32.0
2024-06-13T15:53:46.954,1567.13165,-32.0
2024-06-13T15:53:47.213,1567.13157,-32.1
2024-06-13T15:53:47.430,1567.13159,-32.1
2024-06-13T15:53:47.681,1567.13167,-32.0
2024-06-13T15:53:47.916,1567.13187,-32.2
2024-06-13T15:53:48.167,1567.13165,-32.3
2024-06-13T15:53:48.391,1567.13151,-32.2
2024-06-13T15:53:48.646,1567.13130,-32.1
2024-06-13T15:53:48.883,1567.13112,-32.1
2024-06-13T15:53:49.113,1567.13155,-32.1
2024-06-13T15:53:49.349,1567.13137,-32.0
2024-06-13T15:53:49.583,1567.13155,-32.0
2024-06-13T15:53:49.848,1567.13141,-32.3
2024-06-13T15:53:50.072,1567.13170,-32.2
2024-06-13T15:53:50.303,1567.13194,-32.0
2024-06-13T15:53:50.551,1567.13217,-32.2
2024-06-13T15:53:50.799,1567.13196,-32.3
2024-06-13T15:53:51.041,1567.13181,-32.0
2024-06-13T15:53:51.268,1567.13152,-32.2
2024-06-13T15:53:51.524,1567.13148,-32.0
2024-06-13T15:53:51.741,1567.13155,-32.1
2024-06-13T15:53:51.994,1567.13177,-32.2
2024-06-13T15:53:52.235,1567.13158,-32.3
