2024-06-13T13:49:04.553,1531.16069,-37.64471553
2024-06-13T13:49:04.799,1529.16205,-33.95773947
2024-06-13T13:49:05.048,1529.16329,-33.78823718
2024-06-13T13:49:05.275,1529.16418,-33.86158178
2024-06-13T13:49:05.514,1529.16447,-33.7675071
2024-06-13T13:49:05.748,1529.16378,-33.72634143
2024-06-13T13:49:06.012,1529.16341,-33.89339837
2024-06-13T13:49:06.235,1529.16338,-33.90405591
2024-06-13T13:49:06.462,1529.16297,-34.00116928
2024-06-13T13:49:06.709,1529.16284,-33.96855627
2024-06-13T13:49:06.933,1529.16269,-33.99027104
2024-06-13T13:49:07.178,1529.16324,-33.87216143
2024-06-13T13:49:07.415,1529.16327,-34.06713933
2024-06-13T13:49:07.680,1529.16288,-34.0560745
2024-06-13T13:49:07.904,1530.793,-38.53871964
2024-06-13T13:49:08.152,1529.31127,-38.38631998
2024-06-13T13:49:08.416,1529.31063,-38.15308569
2024-06-13T13:49:08.688,1531.71061,-38.09668302
2024-06-13T13:49:08.954,1531.70232,-38.04100348
2024-06-13T13:49:09.193,1531.70237,-37.87812396
2024-06-13T13:49:09.431,1529.55819,-36.81936665
2024-06-13T13:49:09.728,1529.55383,-33.84049948
2024-06-13T13:49:09.996,1529.55456,-33.81951903
2024-06-13T13:49:10.221,1529.55428,-33.86158178
2024-06-13T13:49:10.462,1529.55246,-33.7675071
2024-06-13T13:49:10.708,1529.55262,-33.91473966
2024-06-13T13:49:10.935,1529.55255,-33.80906669
2024-06-13T13:49:11.174,1529.55182,-33.7161107
2024-06-13T13:49:11.411,1529.5519,-34.00116928
2024-06-13T13:49:11.673,1529.55213,-33.87216143
2024-06-13T13:49:11.896,1529.55199,-33.89339837
2024-06-13T13:49:12.131,1529.55148,-33.93618635
2024-06-13T13:49:12.378,1529.55189,-33.94694954
2024-06-13T13:49:12.602,1529.55184,-34.15668776
2024-06-13T13:49:12.859,1530.07396,-38.44663963
2024-06-13T13:49:13.087,1530.54347,-38.29738285
2024-06-13T13:49:13.339,1532.32817,-38.18156412
2024-06-13T13:49:13.583,1530.61737,-38.23908741
2024-06-13T13:49:13.864,1530.61817,-38.32682665
2024-06-13T13:49:14.092,1530.61804,-38.18156412
2024-06-13T13:49:14.346,1531.22462,-38.04100348
2024-06-13T13:49:14.570,1529.93671,-36.84029655
2024-06-13T13:49:14.844,1529.92874,-34.68521083
2024-06-13T13:49:15.096,1529.93184,-34.65973894
2024-06-13T13:49:15.353,1529.93456,-34.54692884
2024-06-13T13:49:15.576,1529.93808,-34.58420756
2024-06-13T13:49:15.829,1529.94616,-34.68521083
2024-06-13T13:49:16.064,1529.94569,-34.67245621
2024-06-13T13:49:16.319,1529.94607,-34.59670525
2024-06-13T13:49:16.552,1529.94601,-34.55931956
2024-06-13T13:49:16.798,1529.94527,-34.58420756
2024-06-13T13:49:17.046,1529.94448,-34.54692884
2024-06-13T13:49:17.277,1529.94458,-34.57174573
2024-06-13T13:49:17.516,1529.94422,-34.92144128
2024-06-13T13:49:17.746,1529.94484,-34.76253533
2024-06-13T13:49:18.013,1530.61795,-38.50780887
2024-06-13T13:49:18.235,1530.61844,-38.35647144
2024-06-13T13:49:18.469,1530.61756,-38.23908741
2024-06-13T13:49:18.738,1531.22453,-38.12479279
2024-06-13T13:49:19.026,1530.33714,-36.94648631
2024-06-13T13:49:19.272,1530.33256,-34.31798276
2024-06-13T13:49:19.536,1530.33376,-34.20216403
2024-06-13T13:49:19.779,1530.33356,-34.16801226
2024-06-13T13:49:20.049,1530.33239,-34.15668776
2024-06-13T13:49:20.280,1530.33238,-34.08935393
2024-06-13T13:49:20.516,1530.33219,-34.225082
2024-06-13T13:49:20.755,1530.33198,-34.24812155
2024-06-13T13:49:21.011,1530.33219,-34.27128398
2024-06-13T13:49:21.232,1530.3324,-34.24812155
2024-06-13T13:49:21.477,1530.33215,-34.2365865
2024-06-13T13:49:21.717,1530.33237,-34.1453927
2024-06-13T13:49:21.980,1530.33223,-34.36518915
2024-06-13T13:49:22.205,1530.33287,-34.44905551
2024-06-13T13:49:22.438,1530.33357,-34.36518915
2024-06-13T13:49:22.687,1530.33332,-34.37707136
2024-06-13T13:49:22.911,1530.33282,-34.50996738
2024-06-13T13:49:23.166,1530.61879,-38.60120914
2024-06-13T13:49:23.398,1530.61833,-38.63279433
2024-06-13T13:49:23.648,1530.61866,-38.41637508
2024-06-13T13:49:23.872,1530.61869,-38.44663963
2024-06-13T13:49:24.117,1530.35767,-38.15308569
2024-06-13T13:49:24.362,1530.35656,-38.04100348
2024-06-13T13:49:24.619,1531.48156,-37.87812396
2024-06-13T13:49:24.877,1531.48113,-37.93174124
2024-06-13T13:49:25.110,1531.48128,-37.90484985
2024-06-13T13:49:25.390,1530.73995,-34.42492798
2024-06-13T13:49:25.659,1530.73116,-34.46116973
2024-06-13T13:49:25.882,1530.72399,-34.49771647
2024-06-13T13:49:26.132,1530.72433,-34.57174573
2024-06-13T13:49:26.375,1530.72374,-34.6470588
2024-06-13T13:49:26.607,1530.72374,-34.60923901
2024-06-13T13:49:26.843,1530.72366,-34.46116973
2024-06-13T13:49:27.075,1530.72338,-34.47331784
2024-06-13T13:49:27.328,1530.72334,-34.65973894
2024-06-13T13:49:27.554,1530.72317,-34.68521083
2024-06-13T13:49:27.794,1530.72328,-34.710833
2024-06-13T13:49:28.041,1531.21552,-38.47711656
2024-06-13T13:49:28.325,1532.10487,-37.95880017
2024-06-13T13:49:28.549,1530.61878,-38.32682665
2024-06-13T13:49:28.802,1530.61856,-38.32682665
2024-06-13T13:49:29.062,1530.61877,-38.15308569
2024-06-13T13:49:29.330,1532.10527,-38.04100348
2024-06-13T13:49:29.575,1528.99105,-38.09668302
2024-06-13T13:49:29.840,1529.8377,-38.12479279
2024-06-13T13:49:30.111,1529.83743,-38.21023053
2024-06-13T13:49:30.398,1531.10037,-34.58420756
2024-06-13T13:49:30.670,1531.10097,-34.41291429
2024-06-13T13:49:30.892,1531.10361,-34.44905551
2024-06-13T13:49:31.139,1531.10993,-34.49771647
2024-06-13T13:49:31.396,1531.11258,-34.3062609
2024-06-13T13:49:31.667,1531.11814,-34.38898616
2024-06-13T13:49:31.888,1531.11802,-34.38898616
2024-06-13T13:49:32.121,1531.11806,-34.50996738
2024-06-13T13:49:32.366,1531.11833,-34.53457337
2024-06-13T13:49:32.617,1531.11719,-34.42492798
2024-06-13T13:49:32.853,1531.48217,-38.23908741
2024-06-13T13:49:33.106,1530.95375,-38.01342913
2024-06-13T13:49:33.374,1530.95271,-38.04100348
2024-06-13T13:49:33.642,1530.95346,-38.18156412
2024-06-13T13:49:33.894,1530.95324,-37.95880017
2024-06-13T13:49:34.151,1531.51019,-36.75717545
2024-06-13T13:49:34.404,1531.50795,-33.79863945
2024-06-13T13:49:34.659,1531.50713,-33.77785977
2024-06-13T13:49:34.881,1531.50605,-33.80906669
2024-06-13T13:49:35.133,1531.50546,-33.79863945
2024-06-13T13:49:35.374,1531.50511,-33.79863945
2024-06-13T13:49:35.604,1531.50522,-33.70590401
2024-06-13T13:49:35.845,1531.50497,-33.80906669
2024-06-13T13:49:36.091,1531.50563,-33.90405591
2024-06-13T13:49:36.344,1531.50559,-34.03402904
2024-06-13T13:49:36.561,1531.50562,-33.92544977
2024-06-13T13:49:36.792,1531.50535,-34.04503778
2024-06-13T13:49:37.037,1531.50571,-33.93618635
2024-06-13T13:49:37.297,1531.50625,-34.00116928
2024-06-13T13:49:37.525,1531.50661,-34.10050399
2024-06-13T13:49:37.754,1531.50599,-34.17936637
2024-06-13T13:49:38.006,1530.6217,-38.50780887
2024-06-13T13:49:38.255,1529.83777,-38.29738285
2024-06-13T13:49:38.525,1530.61919,-38.29738285
2024-06-13T13:49:38.778,1530.30799,-38.18156412
2024-06-13T13:49:39.057,1532.10533,-38.04100348
2024-06-13T13:49:39.329,1531.88539,-37.01146924
2024-06-13T13:49:39.572,1531.91638,-36.05548319
2024-06-13T13:49:39.846,1531.90036,-34.0560745
2024-06-13T13:49:40.072,1531.89849,-34.2136079
2024-06-13T13:49:40.346,1531.89808,-34.12289035
2024-06-13T13:49:40.589,1531.89772,-34.02304814
2024-06-13T13:49:40.830,1531.89773,-34.27128398
2024-06-13T13:49:41.054,1531.89763,-34.2365865
2024-06-13T13:49:41.322,1531.89726,-34.04503778
2024-06-13T13:49:41.546,1531.89735,-34.225082
2024-06-13T13:49:41.775,1531.89686,-34.34152181
2024-06-13T13:49:42.021,1531.89698,-34.36518915
2024-06-13T13:49:42.266,1531.89717,-34.2945706
2024-06-13T13:49:42.506,1531.89719,-34.20216403
2024-06-13T13:49:42.729,1531.89716,-34.52225295
2024-06-13T13:49:42.977,1530.95391,-38.60120914
2024-06-13T13:49:43.225,1530.95441,-38.26813732
2024-06-13T13:49:43.507,1530.30878,-38.26813732
2024-06-13T13:49:43.761,1528.99198,-38.09668302
2024-06-13T13:49:44.028,1530.61959,-38.29738285
2024-06-13T13:49:44.294,1530.61934,-38.29738285
2024-06-13T13:49:44.536,1532.27432,-35.67030709
2024-06-13T13:49:44.793,1532.27368,-34.12289035
2024-06-13T13:49:45.054,1532.27507,-34.20216403
2024-06-13T13:49:45.310,1532.27789,-34.2365865
2024-06-13T13:49:45.551,1532.28633,-34.24812155
2024-06-13T13:49:45.786,1532.29158,-34.28291168
2024-06-13T13:49:46.029,1532.29226,-34.37707136
2024-06-13T13:49:46.302,1532.29131,-34.34152181
2024-06-13T13:49:46.542,1532.2919,-34.36518915
2024-06-13T13:49:46.776,1532.29145,-34.44905551
2024-06-13T13:49:47.021,1532.29116,-34.38898616
2024-06-13T13:49:47.281,1532.28956,-34.48550002
2024-06-13T13:49:47.517,1532.29005,-34.46116973
2024-06-13T13:49:47.746,1532.29043,-34.28291168
2024-06-13T13:49:47.996,1530.61827,-38.35647144
2024-06-13T13:49:48.254,1530.61908,-38.569852
2024-06-13T13:49:48.506,1529.83794,-38.18156412
2024-06-13T13:49:48.761,1530.61983,-38.32682665
2024-06-13T13:49:49.041,1530.35797,-38.12479279
2024-06-13T13:49:49.321,1530.35784,-38.12479279
2024-06-13T13:49:49.545,1531.48171,-38.09668302
2024-06-13T13:49:49.815,1531.22637,-38.15308569
2024-06-13T13:49:50.064,1529.62046,-38.26813732
2024-06-13T13:49:50.357,1532.68504,-36.94648631
2024-06-13T13:49:50.628,1532.68275,-34.55931956
2024-06-13T13:49:50.898,1532.68059,-34.49771647
2024-06-13T13:49:51.142,1532.68154,-34.43697499
2024-06-13T13:49:51.379,1532.68137,-34.32973634
2024-06-13T13:49:51.649,1532.68091,-34.36518915
2024-06-13T13:49:51.871,1532.68096,-34.46116973
2024-06-13T13:49:52.106,1532.68077,-34.47331784
2024-06-13T13:49:52.354,1532.68086,-34.48550002
2024-06-13T13:49:52.615,1532.68028,-34.42492798
2024-06-13T13:49:52.847,1532.6814,-38.09668302
2024-06-13T13:49:53.098,1531.56941,-38.38631998
2024-06-13T13:49:53.365,1531.48238,-38.12479279
2024-06-13T13:49:53.639,1531.56389,-37.98602876
2024-06-13T13:49:53.895,1531.22588,-38.15308569
2024-06-13T13:49:54.174,1531.48235,-38.04100348
2024-06-13T13:49:54.431,1531.48182,-38.01342913
2024-06-13T13:49:54.678,1531.56378,-38.04100348
2024-06-13T13:49:54.911,1531.48129,-38.18156412
2024-06-13T13:49:55.165,1531.35569,-36.88246139
2024-06-13T13:49:55.421,1533.09059,-34.8945499
2024-06-13T13:49:55.690,1533.08664,-34.11168274
2024-06-13T13:49:55.933,1533.07432,-34.12289035
2024-06-13T13:49:56.173,1533.07408,-34.28291168
2024-06-13T13:49:56.424,1533.07276,-34.35333936
2024-06-13T13:49:56.671,1533.07218,-34.34152181
2024-06-13T13:49:56.902,1533.07234,-34.225082
2024-06-13T13:49:57.143,1533.07254,-34.225082
2024-06-13T13:49:57.378,1533.0725,-34.34152181
2024-06-13T13:49:57.647,1533.0724,-34.20216403
2024-06-13T13:49:57.869,1533.07352,-37.6700389
2024-06-13T13:49:58.136,1530.31023,-38.18156412
2024-06-13T13:49:58.389,1530.30812,-37.87812396
2024-06-13T13:49:58.674,1531.48221,-38.09668302
2024-06-13T13:49:58.914,1531.48154,-38.50780887
2024-06-13T13:49:59.104,1531.48261,-38.569852
2024-06-13T13:49:59.334,1531.47954,-37.39928612
2024-06-13T13:49:59.518,1533.45648,-36.92503962
2024-06-13T13:49:59.724,1533.45208,-34.15668776
2024-06-13T13:49:59.962,1533.45499,-33.95773947
2024-06-13T13:50:00.143,1533.45717,-34.04503778
2024-06-13T13:50:00.336,1533.46069,-33.97940009
2024-06-13T13:50:00.521,1533.46304,-34.13412695
2024-06-13T13:50:00.756,1533.46839,-34.04503778
2024-06-13T13:50:01.024,1533.46785,-33.97940009
2024-06-13T13:50:01.294,1533.46762,-34.17936637
2024-06-13T13:50:01.532,1533.46743,-34.3062609
2024-06-13T13:50:01.770,1533.46749,-34.31798276
2024-06-13T13:50:02.011,1533.46703,-34.13412695
2024-06-13T13:50:02.273,1533.46687,-34.25968732
2024-06-13T13:50:02.499,1533.46677,-34.06713933
2024-06-13T13:50:02.731,1533.46662,-34.16801226
2024-06-13T13:50:02.979,1533.46594,-37.54487332
2024-06-13T13:50:03.229,1531.2516,-38.53871964
2024-06-13T13:50:03.484,1531.68842,-38.21023053
2024-06-13T13:50:03.715,1531.25216,-38.26813732
2024-06-13T13:50:03.988,1531.25325,-38.29738285
2024-06-13T13:50:04.244,1531.24995,-37.90484985
2024-06-13T13:50:04.518,1533.85701,-34.20216403
2024-06-13T13:50:04.750,1533.85703,-34.25968732
2024-06-13T13:50:04.990,1533.85737,-34.20216403
2024-06-13T13:50:05.236,1533.85628,-34.32973634
2024-06-13T13:50:05.476,1533.85627,-34.24812155
2024-06-13T13:50:05.702,1533.85586,-34.31798276
2024-06-13T13:50:05.954,1533.85609,-34.28291168
2024-06-13T13:50:06.176,1533.85593,-34.32973634
2024-06-13T13:50:06.427,1533.85618,-34.37707136
2024-06-13T13:50:06.669,1533.85567,-34.48550002
2024-06-13T13:50:06.902,1533.85606,-34.50996738
2024-06-13T13:50:07.144,1533.85613,-34.53457337
2024-06-13T13:50:07.389,1533.85651,-34.57174573
2024-06-13T13:50:07.637,1533.85666,-34.58420756
2024-06-13T13:50:07.862,1533.85608,-36.92503962
2024-06-13T13:50:08.100,1532.1057,-38.35647144
2024-06-13T13:50:08.358,1530.61919,-38.35647144
2024-06-13T13:50:08.647,1528.75694,-38.26813732
2024-06-13T13:50:08.895,1528.75676,-38.23908741
2024-06-13T13:50:09.139,1531.05186,-38.15308569
2024-06-13T13:50:09.366,1531.05159,-37.56961951
2024-06-13T13:50:09.634,1534.25477,-34.2945706
2024-06-13T13:50:09.857,1534.25053,-34.28291168
2024-06-13T13:50:10.091,1534.25069,-34.28291168
2024-06-13T13:50:10.333,1534.25071,-34.2945706
2024-06-13T13:50:10.591,1534.24889,-34.32973634
2024-06-13T13:50:10.819,1534.24936,-34.2365865
2024-06-13T13:50:11.048,1534.24919,-34.20216403
2024-06-13T13:50:11.304,1534.24912,-34.2136079
2024-06-13T13:50:11.546,1534.24846,-34.43697499
2024-06-13T13:50:11.804,1534.24849,-34.32973634
2024-06-13T13:50:12.029,1534.24855,-34.53457337
2024-06-13T13:50:12.282,1534.24873,-34.44905551
2024-06-13T13:50:12.507,1534.24849,-34.44905551
2024-06-13T13:50:12.758,1534.24805,-36.77780705
2024-06-13T13:50:12.996,1530.6196,-38.44663963
2024-06-13T13:50:13.265,1530.61979,-38.29738285
2024-06-13T13:50:13.512,1531.25237,-38.23908741
2024-06-13T13:50:13.765,1529.66637,-38.06875402
2024-06-13T13:50:14.021,1531.71716,-38.18156412
2024-06-13T13:50:14.296,1531.71702,-38.04100348
2024-06-13T13:50:14.520,1531.71693,-37.95880017
2024-06-13T13:50:14.774,1531.71693,-38.01342913
2024-06-13T13:50:15.022,1529.03064,-37.90484985
2024-06-13T13:50:15.297,1531.25294,-36.79853714
2024-06-13T13:50:15.545,1534.62882,-34.98940738
2024-06-13T13:50:15.822,1534.63169,-33.7675071
2024-06-13T13:50:16.054,1534.63534,-33.73659633
2024-06-13T13:50:16.310,1534.6381,-33.82999659
2024-06-13T13:50:16.553,1534.64281,-34.03402904
2024-06-13T13:50:16.810,1534.6443,-33.97940009
2024-06-13T13:50:17.038,1534.64419,-33.82999659
2024-06-13T13:50:17.287,1534.6447,-33.86158178
2024-06-13T13:50:17.511,1534.64479,-34.10050399
2024-06-13T13:50:17.767,1534.64373,-36.23423043
2024-06-13T13:50:18.001,1531.16492,-38.29738285
2024-06-13T13:50:18.248,1531.42193,-38.26813732
2024-06-13T13:50:18.472,1530.95554,-38.32682665
2024-06-13T13:50:18.718,1531.71709,-38.18156412
2024-06-13T13:50:18.986,1531.71356,-37.25842151
2024-06-13T13:50:19.253,1535.03826,-36.40164518
2024-06-13T13:50:19.496,1535.03678,-34.57174573
2024-06-13T13:50:19.768,1535.03544,-34.62180905
2024-06-13T13:50:20.000,1535.03563,-34.74955193
2024-06-13T13:50:20.266,1535.03427,-34.55931956
2024-06-13T13:50:20.488,1535.03452,-34.59670525
2024-06-13T13:50:20.716,1535.03384,-34.76253533
2024-06-13T13:50:20.963,1535.03384,-34.54692884
2024-06-13T13:50:21.205,1535.03403,-34.78861916
2024-06-13T13:50:21.447,1535.03401,-34.57174573
2024-06-13T13:50:21.678,1535.03382,-34.73660723
2024-06-13T13:50:21.945,1535.03418,-34.710833
2024-06-13T13:50:22.166,1535.03428,-34.84126156
2024-06-13T13:50:22.423,1535.03514,-34.68521083
2024-06-13T13:50:22.654,1535.03524,-34.88116639
2024-06-13T13:50:22.902,1535.03494,-36.51695137
2024-06-13T13:50:23.130,1530.80374,-38.41637508
2024-06-13T13:50:23.377,1531.71814,-38.23908741
2024-06-13T13:50:23.645,1531.2529,-38.12479279
2024-06-13T13:50:23.913,1531.25188,-38.26813732
2024-06-13T13:50:24.137,1531.37994,-38.23908741
2024-06-13T13:50:24.407,1531.71722,-38.38631998
2024-06-13T13:50:24.668,1531.25297,-38.23908741
2024-06-13T13:50:24.918,1531.71795,-38.29738285
2024-06-13T13:50:25.163,1531.71704,-38.35647144
2024-06-13T13:50:25.438,1535.44704,-35.30177984
2024-06-13T13:50:25.666,1535.44295,-34.52225295
2024-06-13T13:50:25.936,1535.42961,-34.50996738
2024-06-13T13:50:26.159,1535.42923,-34.55931956
2024-06-13T13:50:26.393,1535.42809,-34.2945706
2024-06-13T13:50:26.638,1535.42782,-34.03402904
2024-06-13T13:50:26.895,1535.42755,-34.60923901
2024-06-13T13:50:27.122,1535.42752,-34.62180905
2024-06-13T13:50:27.350,1535.42748,-34.43697499
2024-06-13T13:50:27.598,1535.4277,-34.55931956
2024-06-13T13:50:27.820,1535.42751,-34.6470588
2024-06-13T13:50:28.061,1530.80351,-38.53871964
2024-06-13T13:50:28.305,1531.71559,-38.06875402
2024-06-13T13:50:28.565,1531.48417,-38.26813732
2024-06-13T13:50:28.814,1531.71635,-38.32682665
2024-06-13T13:50:29.072,1531.37814,-38.09668302
2024-06-13T13:50:29.331,1531.70535,-38.12479279
2024-06-13T13:50:29.598,1535.81,-34.36518915
2024-06-13T13:50:29.822,1535.81077,-34.34152181
2024-06-13T13:50:30.054,1535.81312,-34.2365865
2024-06-13T13:50:30.300,1535.81556,-34.2365865
2024-06-13T13:50:30.559,1535.82469,-34.31798276
2024-06-13T13:50:30.787,1535.82459,-34.37707136
2024-06-13T13:50:31.015,1535.82418,-34.42492798
2024-06-13T13:50:31.272,1535.82426,-34.36518915
2024-06-13T13:50:31.519,1535.82397,-34.48550002
2024-06-13T13:50:31.774,1535.82386,-34.2945706
2024-06-13T13:50:32.015,1535.82328,-34.43697499
2024-06-13T13:50:32.276,1535.82334,-34.44905551
2024-06-13T13:50:32.494,1535.82324,-34.57174573
2024-06-13T13:50:32.753,1535.82282,-35.63837353
2024-06-13T13:50:32.983,1530.7157,-38.569852
2024-06-13T13:50:33.255,1530.31821,-38.41637508
2024-06-13T13:50:33.503,1529.64936,-38.06875402
2024-06-13T13:50:33.757,1530.36211,-38.06875402
2024-06-13T13:50:34.010,1530.31899,-38.06875402
2024-06-13T13:50:34.280,1531.38974,-36.77780705
2024-06-13T13:50:34.539,1536.21751,-34.62180905
2024-06-13T13:50:34.807,1536.21571,-34.73660723
2024-06-13T13:50:35.044,1536.21534,-34.9757288
2024-06-13T13:50:35.288,1536.21502,-34.90797478
2024-06-13T13:50:35.549,1536.21426,-34.8945499
2024-06-13T13:50:35.776,1536.21452,-34.80172006
2024-06-13T13:50:36.004,1536.21418,-34.8945499
2024-06-13T13:50:36.256,1536.21412,-34.867824
2024-06-13T13:50:36.477,1536.21373,-34.92144128
2024-06-13T13:50:36.728,1536.21394,-34.88116639
2024-06-13T13:50:36.964,1536.21426,-34.80172006
2024-06-13T13:50:37.229,1536.21443,-35.04455662
2024-06-13T13:50:37.453,1536.21481,-34.98940738
2024-06-13T13:50:37.686,1536.2148,-35.01689446
2024-06-13T13:50:37.930,1536.21478,-35.78396073
2024-06-13T13:50:38.149,1530.58995,-38.569852
2024-06-13T13:50:38.406,1530.98626,-38.15308569
2024-06-13T13:50:38.638,1531.48362,-38.44663963
2024-06-13T13:50:38.880,1531.71637,-38.18156412
2024-06-13T13:50:39.115,1531.48361,-37.93174124
2024-06-13T13:50:39.362,1536.62637,-34.88116639
2024-06-13T13:50:39.609,1536.61804,-34.28291168
2024-06-13T13:50:39.841,1536.61078,-34.42492798
2024-06-13T13:50:40.084,1536.60998,-34.31798276
2024-06-13T13:50:40.323,1536.60926,-34.37707136
2024-06-13T13:50:40.575,1536.60887,-34.48550002
2024-06-13T13:50:40.797,1536.60816,-34.47331784
2024-06-13T13:50:41.044,1536.60765,-34.44905551
2024-06-13T13:50:41.282,1536.60811,-34.52225295
2024-06-13T13:50:41.546,1536.60753,-34.65973894
2024-06-13T13:50:41.771,1536.60762,-34.65973894
2024-06-13T13:50:42.002,1536.60757,-34.54692884
2024-06-13T13:50:42.248,1536.6078,-34.65973894
2024-06-13T13:50:42.491,1536.60785,-34.6470588
2024-06-13T13:50:42.741,1536.60769,-34.6470588
2024-06-13T13:50:42.970,1531.68954,-38.50780887
2024-06-13T13:50:43.223,1531.85443,-38.18156412
2024-06-13T13:50:43.470,1529.83968,-38.04100348
2024-06-13T13:50:43.752,1531.48392,-38.44663963
2024-06-13T13:50:43.977,1531.71018,-38.32682665
2024-06-13T13:50:44.253,1531.48361,-38.12479279
2024-06-13T13:50:44.503,1531.48355,-38.09668302
2024-06-13T13:50:44.775,1531.71764,-38.18156412
2024-06-13T13:50:45.008,1531.71764,-38.15308569
2024-06-13T13:50:45.272,1531.76637,-37.16698771
2024-06-13T13:50:45.538,1536.98876,-34.93494968
2024-06-13T13:50:45.804,1536.99313,-34.38898616
2024-06-13T13:50:46.040,1536.9968,-34.55931956
2024-06-13T13:50:46.281,1536.99929,-34.49771647
2024-06-13T13:50:46.564,1537.00471,-34.46116973
2024-06-13T13:50:46.786,1537.00486,-34.53457337
2024-06-13T13:50:47.023,1537.00497,-34.49771647
2024-06-13T13:50:47.267,1537.00531,-34.49771647
2024-06-13T13:50:47.527,1537.00429,-34.58420756
2024-06-13T13:50:47.755,1537.00423,-34.49771647
2024-06-13T13:50:47.984,1531.85973,-38.09668302
2024-06-13T13:50:48.255,1530.62177,-38.41637508
2024-06-13T13:50:48.519,1531.71778,-38.23908741
2024-06-13T13:50:48.763,1531.71792,-37.93174124
2024-06-13T13:50:48.992,1531.71764,-38.21023053
2024-06-13T13:50:49.259,1531.71632,-36.96803943
2024-06-13T13:50:49.521,1537.3993,-35.34617149
2024-06-13T13:50:49.777,1537.39559,-35.27243551
2024-06-13T13:50:50.031,1537.39611,-35.11449283
2024-06-13T13:50:50.267,1537.39587,-35.05845406
2024-06-13T13:50:50.512,1537.39525,-35.12861625
2024-06-13T13:50:50.738,1537.39535,-35.11449283
2024-06-13T13:50:50.987,1537.39503,-35.21433504
2024-06-13T13:50:51.234,1537.39552,-35.25783736
2024-06-13T13:50:51.461,1537.39559,-35.25783736
2024-06-13T13:50:51.698,1537.39552,-35.17126416
2024-06-13T13:50:51.934,1537.39564,-35.24328812
2024-06-13T13:50:52.199,1537.39571,-35.37602002
2024-06-13T13:50:52.423,1537.39604,-35.24328812
2024-06-13T13:50:52.667,1537.39679,-35.28708289
2024-06-13T13:50:52.923,1537.39686,-35.34617149
2024-06-13T13:50:53.158,1531.71573,-38.60120914
2024-06-13T13:50:53.431,1529.84014,-38.04100348
2024-06-13T13:50:53.693,1530.31019,-38.32682665
2024-06-13T13:50:53.948,1530.30988,-38.29738285
2024-06-13T13:50:54.236,1531.46521,-38.15308569
2024-06-13T13:50:54.498,1531.69616,-38.32682665
2024-06-13T13:50:54.748,1531.69488,-38.29738285
2024-06-13T13:50:54.981,1530.52378,-38.35647144
2024-06-13T13:50:55.261,1531.33166,-36.81936665
2024-06-13T13:50:55.530,1537.80906,-35.96879479
2024-06-13T13:50:55.778,1537.79627,-35.83359493
2024-06-13T13:50:56.034,1537.79234,-35.88380294
2024-06-13T13:50:56.265,1537.79044,-35.86700236
2024-06-13T13:50:56.515,1537.79032,-35.83359493
2024-06-13T13:50:56.739,1537.79026,-35.75118363
2024-06-13T13:50:56.983,1537.78977,-35.91760035
2024-06-13T13:50:57.228,1537.78917,-35.85026652
2024-06-13T13:50:57.459,1537.78921,-35.9345982
2024-06-13T13:50:57.693,1537.7897,-35.98599459
2024-06-13T13:50:57.939,1532.14062,-38.15308569
2024-06-13T13:50:58.214,1531.48288,-38.04100348
2024-06-13T13:50:58.439,1529.64888,-38.32682665
2024-06-13T13:50:58.704,1531.0373,-38.15308569
2024-06-13T13:50:58.958,1529.68802,-37.93174124
2024-06-13T13:50:59.239,1531.7184,-38.04100348
2024-06-13T13:50:59.508,1531.36974,-37.07743929
2024-06-13T13:50:59.751,1538.17426,-35.67030709
2024-06-13T13:51:00.030,1538.17887,-35.59090918
2024-06-13T13:51:00.258,1538.18161,-35.59090918
2024-06-13T13:51:00.511,1538.18492,-35.7024772
2024-06-13T13:51:00.733,1538.18804,-35.59090918
2024-06-13T13:51:00.982,1538.18774,-35.83359493
2024-06-13T13:51:01.230,1538.18743,-35.83359493
2024-06-13T13:51:01.495,1538.18779,-35.76754126
2024-06-13T13:51:01.722,1538.18717,-35.80044252
2024-06-13T13:51:01.971,1538.1863,-35.83359493
2024-06-13T13:51:02.216,1538.18649,-35.81698709
2024-06-13T13:51:02.444,1538.18695,-35.90066877
2024-06-13T13:51:02.685,1538.18671,-35.81698709
2024-06-13T13:51:02.921,1538.18665,-35.96879479
2024-06-13T13:51:03.204,1530.61895,-38.18156412
2024-06-13T13:51:03.431,1531.71807,-38.23908741
2024-06-13T13:51:03.665,1531.71794,-38.18156412
2024-06-13T13:51:03.902,1531.71799,-38.12479279
2024-06-13T13:51:04.166,1538.58432,-35.4668166
2024-06-13T13:51:04.392,1538.58262,-34.710833
2024-06-13T13:51:04.626,1538.57944,-34.710833
2024-06-13T13:51:04.871,1538.58051,-34.710833
2024-06-13T13:51:05.101,1538.58042,-34.60923901
2024-06-13T13:51:05.355,1538.57921,-34.74955193
2024-06-13T13:51:05.583,1538.57933,-34.73660723
2024-06-13T13:51:05.838,1538.5791,-34.74955193
2024-06-13T13:51:06.062,1538.57926,-34.80172006
2024-06-13T13:51:06.310,1538.57908,-34.85452247
2024-06-13T13:51:06.553,1538.5792,-34.78861916
2024-06-13T13:51:06.786,1538.57949,-34.867824
2024-06-13T13:51:07.027,1538.57983,-34.85452247
2024-06-13T13:51:07.281,1538.57988,-34.96209317
2024-06-13T13:51:07.532,1538.57983,-34.867824
2024-06-13T13:51:07.767,1538.58003,-34.92144128
2024-06-13T13:51:08.009,1531.16887,-38.38631998
2024-06-13T13:51:08.242,1530.52442,-38.47711656
2024-06-13T13:51:08.530,1531.71809,-38.29738285
2024-06-13T13:51:08.791,1531.71819,-38.29738285
2024-06-13T13:51:09.028,1531.71818,-38.26813732
2024-06-13T13:51:09.254,1531.71825,-38.18156412
2024-06-13T13:51:09.526,1531.71826,-38.26813732
2024-06-13T13:51:09.746,1531.71819,-38.21023053
2024-06-13T13:51:09.991,1531.7171,-38.18156412
2024-06-13T13:51:10.229,1531.70585,-37.93174124
2024-06-13T13:51:10.496,1538.98486,-34.225082
2024-06-13T13:51:10.724,1538.97677,-34.31798276
2024-06-13T13:51:10.962,1538.97598,-34.34152181
2024-06-13T13:51:11.211,1538.97648,-34.20216403
2024-06-13T13:51:11.476,1538.9748,-34.2945706
2024-06-13T13:51:11.707,1538.97471,-34.31798276
2024-06-13T13:51:11.944,1538.9743,-34.28291168
2024-06-13T13:51:12.193,1538.9742,-34.25968732
2024-06-13T13:51:12.426,1538.974,-34.2945706
2024-06-13T13:51:12.675,1538.97399,-34.32973634
2024-06-13T13:51:12.905,1538.97409,-34.36518915
2024-06-13T13:51:13.178,1531.71844,-38.12479279
2024-06-13T13:51:13.468,1531.71842,-38.29738285
2024-06-13T13:51:13.714,1531.71806,-38.29738285
2024-06-13T13:51:13.948,1531.48427,-37.93174124
2024-06-13T13:51:14.229,1531.48412,-38.21023053
2024-06-13T13:51:14.506,1531.783,-37.25842151
2024-06-13T13:51:14.757,1539.36145,-35.95166283
2024-06-13T13:51:15.039,1539.36316,-35.12861625
2024-06-13T13:51:15.275,1539.36589,-35.08638306
2024-06-13T13:51:15.525,1539.36859,-35.05845406
2024-06-13T13:51:15.759,1539.37335,-35.10041521
2024-06-13T13:51:16.018,1539.37252,-35.07239611
2024-06-13T13:51:16.258,1539.37218,-35.14278574
2024-06-13T13:51:16.524,1539.37241,-35.04455662
2024-06-13T13:51:16.758,1539.37206,-35.15700161
2024-06-13T13:51:17.015,1539.37173,-35.19993057
2024-06-13T13:51:17.250,1539.37235,-35.15700161
2024-06-13T13:51:17.503,1539.37209,-35.18557371
2024-06-13T13:51:17.729,1539.3716,-35.18557371
2024-06-13T13:51:17.988,1531.71828,-38.50780887
2024-06-13T13:51:18.223,1531.71829,-38.23908741
2024-06-13T13:51:18.473,1531.71824,-38.35647144
2024-06-13T13:51:18.702,1531.71804,-38.32682665
2024-06-13T13:51:18.956,1529.84088,-38.18156412
2024-06-13T13:51:19.220,1531.71675,-38.35647144
2024-06-13T13:51:19.496,1531.70826,-38.26813732
2024-06-13T13:51:19.723,1531.71814,-38.26813732
2024-06-13T13:51:20.011,1531.71817,-38.38631998
2024-06-13T13:51:20.244,1531.71452,-35.78396073
2024-06-13T13:51:20.513,1539.77083,-35.78396073
2024-06-13T13:51:20.781,1539.76708,-35.30177984
2024-06-13T13:51:21.027,1539.76722,-35.19993057
2024-06-13T13:51:21.263,1539.76647,-35.19993057
2024-06-13T13:51:21.508,1539.76594,-35.27243551
2024-06-13T13:51:21.739,1539.76613,-35.22878745
2024-06-13T13:51:21.994,1539.76509,-35.17126416
2024-06-13T13:51:22.224,1539.76513,-35.27243551
2024-06-13T13:51:22.469,1539.76535,-35.28708289
2024-06-13T13:51:22.697,1539.76516,-35.27243551
2024-06-13T13:51:22.949,1530.62142,-38.44663963
2024-06-13T13:51:23.191,1530.62101,-38.23908741
2024-06-13T13:51:23.439,1531.70584,-38.23908741
2024-06-13T13:51:23.721,1531.71011,-38.29738285
2024-06-13T13:51:24.000,1531.71828,-38.12479279
2024-06-13T13:51:24.231,1531.71762,-37.95880017
2024-06-13T13:51:24.484,1531.41056,-37.25842151
2024-06-13T13:51:24.735,1540.1812,-35.76754126
2024-06-13T13:51:25.014,1540.16262,-35.78396073
2024-06-13T13:51:25.252,1540.16176,-35.83359493
2024-06-13T13:51:25.500,1540.16088,-35.91760035
2024-06-13T13:51:25.733,1540.16044,-35.88380294
2024-06-13T13:51:25.988,1540.16131,-35.86700236
2024-06-13T13:51:26.219,1540.1605,-35.96879479
2024-06-13T13:51:26.476,1540.16071,-35.95166283
2024-06-13T13:51:26.702,1540.16032,-35.91760035
2024-06-13T13:51:26.962,1540.16082,-35.96879479
2024-06-13T13:51:27.199,1540.1607,-35.9345982
2024-06-13T13:51:27.451,1540.16082,-36.05548319
2024-06-13T13:51:27.678,1540.16054,-36.02059991
2024-06-13T13:51:27.929,1531.71653,-38.69666232
2024-06-13T13:51:28.175,1531.71631,-38.41637508
2024-06-13T13:51:28.417,1530.62058,-38.23908741
2024-06-13T13:51:28.677,1530.62145,-38.38631998
2024-06-13T13:51:28.954,1531.7156,-38.12479279
2024-06-13T13:51:29.209,1528.75866,-38.18156412
2024-06-13T13:51:29.486,1531.70522,-38.01342913
2024-06-13T13:51:29.719,1531.44485,-36.57577319
2024-06-13T13:51:29.986,1540.54721,-36.53647026
2024-06-13T13:51:30.243,1540.54866,-36.57577319
2024-06-13T13:51:30.507,1540.55886,-36.61543506
2024-06-13T13:51:30.751,1540.56014,-36.69586227
2024-06-13T13:51:30.987,1540.5593,-36.63540266
2024-06-13T13:51:31.235,1540.55925,-36.61543506
2024-06-13T13:51:31.496,1540.55941,-36.65546249
2024-06-13T13:51:31.732,1540.55897,-36.59555885
2024-06-13T13:51:31.981,1540.55861,-36.69586227
2024-06-13T13:51:32.214,1540.55848,-36.69586227
2024-06-13T13:51:32.481,1540.55833,-36.73664139
2024-06-13T13:51:32.714,1540.55824,-36.73664139
2024-06-13T13:51:32.956,1540.55928,-38.32682665
2024-06-13T13:51:33.213,1531.71808,-38.53871964
2024-06-13T13:51:33.499,1531.718,-38.26813732
2024-06-13T13:51:33.733,1531.71809,-38.23908741
2024-06-13T13:51:33.999,1531.71776,-38.18156412
2024-06-13T13:51:34.254,1540.9572,-35.4515514
2024-06-13T13:51:34.499,1540.95239,-35.3313238
2024-06-13T13:51:34.741,1540.95213,-35.27243551
2024-06-13T13:51:34.977,1540.95365,-35.37602002
2024-06-13T13:51:35.219,1540.95273,-35.40607512
2024-06-13T13:51:35.469,1540.95226,-35.37602002
2024-06-13T13:51:35.702,1540.95211,-35.27243551
2024-06-13T13:51:35.949,1540.95173,-35.25783736
2024-06-13T13:51:36.184,1540.95194,-35.40607512
2024-06-13T13:51:36.454,1540.95179,-35.4668166
2024-06-13T13:51:36.680,1540.95189,-35.55955204
2024-06-13T13:51:36.923,1540.95222,-35.52841969
2024-06-13T13:51:37.164,1540.95254,-35.42118103
2024-06-13T13:51:37.431,1540.95254,-35.4515514
2024-06-13T13:51:37.653,1540.95263,-35.54395797
2024-06-13T13:51:37.888,1540.95309,-37.90484985
2024-06-13T13:51:38.138,1529.31464,-38.50780887
2024-06-13T13:51:38.369,1531.71832,-38.29738285
2024-06-13T13:51:38.620,1531.71796,-38.21023053
2024-06-13T13:51:38.851,1531.71796,-38.18156412
2024-06-13T13:51:39.119,1531.70557,-38.09668302
2024-06-13T13:51:39.346,1531.70751,-38.06875402
2024-06-13T13:51:39.614,1531.89012,-38.09668302
2024-06-13T13:51:39.870,1531.71803,-38.04100348
2024-06-13T13:51:40.154,1531.40691,-37.0333481
2024-06-13T13:51:40.423,1541.36883,-35.75118363
2024-06-13T13:51:40.671,1541.36174,-34.98940738
2024-06-13T13:51:40.935,1541.34999,-34.710833
2024-06-13T13:51:41.171,1541.34938,-34.65973894
2024-06-13T13:51:41.425,1541.34871,-34.72370099
2024-06-13T13:51:41.651,1541.34778,-34.73660723
2024-06-13T13:51:41.900,1541.34749,-34.74955193
2024-06-13T13:51:42.147,1541.34712,-34.78861916
2024-06-13T13:51:42.383,1541.3474,-34.8945499
2024-06-13T13:51:42.628,1541.34692,-34.88116639
2024-06-13T13:51:42.878,1531.71635,-38.21023053
2024-06-13T13:51:43.127,1531.71666,-38.26813732
2024-06-13T13:51:43.359,1531.37975,-38.21023053
2024-06-13T13:51:43.625,1531.43027,-38.15308569
2024-06-13T13:51:43.879,1531.70586,-38.15308569
2024-06-13T13:51:44.145,1531.71699,-38.21023053
2024-06-13T13:51:44.417,1531.71762,-37.93174124
2024-06-13T13:51:44.645,1531.85296,-35.14278574
2024-06-13T13:51:44.900,1541.73541,-35.14278574
2024-06-13T13:51:45.178,1541.74069,-35.10041521
2024-06-13T13:51:45.436,1541.74273,-35.14278574
2024-06-13T13:51:45.661,1541.74754,-35.05845406
2024-06-13T13:51:45.913,1541.74719,-35.10041521
2024-06-13T13:51:46.152,1541.74761,-35.12861625
2024-06-13T13:51:46.441,1541.74737,-35.03070352
2024-06-13T13:51:46.670,1541.74712,-35.18557371
2024-06-13T13:51:46.913,1541.74673,-35.24328812
2024-06-13T13:51:47.149,1541.74655,-35.39102157
2024-06-13T13:51:47.417,1541.74663,-35.37602002
2024-06-13T13:51:47.644,1541.74672,-35.27243551
2024-06-13T13:51:47.879,1541.74573,-36.55607726
2024-06-13T13:51:48.127,1531.71603,-38.53871964
2024-06-13T13:51:48.415,1530.31762,-38.21023053
2024-06-13T13:51:48.663,1530.98753,-38.35647144
2024-06-13T13:51:48.930,1531.70548,-38.32682665
2024-06-13T13:51:49.162,1529.68723,-38.18156412
2024-06-13T13:51:49.452,1530.72906,-38.26813732
2024-06-13T13:51:49.722,1531.48358,-38.29738285
2024-06-13T13:51:49.974,1531.48341,-38.18156412
2024-06-13T13:51:50.209,1531.48335,-38.09668302
2024-06-13T13:51:50.489,1542.14572,-35.55955204
2024-06-13T13:51:50.767,1542.14093,-35.57520231
2024-06-13T13:51:50.993,1542.14187,-35.65431096
2024-06-13T13:51:51.257,1542.14226,-35.49750892
2024-06-13T13:51:51.489,1542.14196,-35.60667306
2024-06-13T13:51:51.746,1542.14199,-35.57520231
2024-06-13T13:51:51.968,1542.14135,-35.57520231
2024-06-13T13:51:52.223,1542.14162,-35.68636236
2024-06-13T13:51:52.463,1542.14086,-35.68636236
2024-06-13T13:51:52.711,1542.14088,-35.68636236
2024-06-13T13:51:52.937,1542.14067,-36.53647026
2024-06-13T13:51:53.188,1531.71787,-38.21023053
2024-06-13T13:51:53.458,1531.71811,-38.32682665
2024-06-13T13:51:53.731,1531.71792,-38.18156412
2024-06-13T13:51:53.957,1531.71833,-38.23908741
2024-06-13T13:51:54.237,1531.89454,-37.18966633
2024-06-13T13:51:54.493,1542.55916,-36.43974143
2024-06-13T13:51:54.787,1542.55289,-36.38272164
2024-06-13T13:51:55.029,1542.54123,-36.3638802
2024-06-13T13:51:55.273,1542.53962,-36.32644079
2024-06-13T13:51:55.525,1542.53828,-36.34512015
2024-06-13T13:51:55.771,1542.538,-36.42065153
2024-06-13T13:51:56.004,1542.53822,-36.42065153
2024-06-13T13:51:56.246,1542.53805,-36.43974143
2024-06-13T13:51:56.476,1542.53807,-36.45891561
2024-06-13T13:51:56.750,1542.53773,-36.55607726
2024-06-13T13:51:56.976,1542.53792,-36.51695137
2024-06-13T13:51:57.219,1542.53809,-36.45891561
2024-06-13T13:51:57.460,1542.5381,-36.49751982
2024-06-13T13:51:57.723,1542.53861,-37.0333481
2024-06-13T13:51:57.951,1530.96202,-38.50780887
2024-06-13T13:51:58.209,1531.71808,-38.47711656
2024-06-13T13:51:58.472,1531.71826,-38.26813732
2024-06-13T13:51:58.729,1531.71818,-38.23908741
2024-06-13T13:51:58.969,1531.71822,-38.32682665
2024-06-13T13:51:59.209,1531.71791,-38.29738285
2024-06-13T13:51:59.452,1531.71805,-37.93174124
2024-06-13T13:51:59.720,1542.9269,-36.79853714
2024-06-13T13:51:59.947,1542.92833,-36.90369833
2024-06-13T13:52:00.183,1542.93111,-36.90369833
2024-06-13T13:52:00.433,1542.93372,-36.77780705
2024-06-13T13:52:00.664,1542.93853,-36.75717545
2024-06-13T13:52:00.922,1542.93832,-36.8613278
2024-06-13T13:52:01.154,1542.93842,-36.81936665
2024-06-13T13:52:01.429,1542.93821,-36.73664139
2024-06-13T13:52:01.664,1542.93778,-36.84029655
2024-06-13T13:52:01.917,1542.93722,-36.92503962
2024-06-13T13:52:02.150,1542.93739,-36.77780705
2024-06-13T13:52:02.420,1542.937,-36.81936665
2024-06-13T13:52:02.652,1542.93653,-36.84029655
2024-06-13T13:52:02.893,1542.93627,-36.96803943
2024-06-13T13:52:03.127,1529.84065,-38.35647144
2024-06-13T13:52:03.397,1531.47473,-38.15308569
2024-06-13T13:52:03.650,1531.70547,-38.29738285
2024-06-13T13:52:03.917,1531.89002,-38.23908741
2024-06-13T13:52:04.149,1531.71809,-38.23908741
2024-06-13T13:52:04.415,1531.71782,-38.29738285
2024-06-13T13:52:04.646,1531.71807,-38.38631998
2024-06-13T13:52:04.902,1531.71791,-38.47711656
2024-06-13T13:52:05.147,1531.71793,-38.569852
2024-06-13T13:52:05.412,1543.33855,-36.45891561
2024-06-13T13:52:05.643,1543.33339,-36.3638802
2024-06-13T13:52:05.884,1543.33147,-36.53647026
2024-06-13T13:52:06.118,1543.33318,-36.57577319
2024-06-13T13:52:06.387,1543.3326,-36.53647026
2024-06-13T13:52:06.613,1543.33214,-36.51695137
2024-06-13T13:52:06.853,1543.33203,-36.47817482
2024-06-13T13:52:07.097,1543.33195,-36.55607726
2024-06-13T13:52:07.361,1543.33173,-36.65546249
2024-06-13T13:52:07.588,1543.33196,-36.73664139
2024-06-13T13:52:07.824,1543.33166,-36.65546249
2024-06-13T13:52:08.073,1531.71801,-38.60120914
2024-06-13T13:52:08.341,1531.71829,-38.41637508
2024-06-13T13:52:08.600,1531.71751,-38.38631998
2024-06-13T13:52:08.837,1531.71827,-38.32682665
2024-06-13T13:52:09.096,1531.71791,-38.41637508
2024-06-13T13:52:09.347,1531.88205,-37.09965389
2024-06-13T13:52:09.593,1543.75151,-36.81936665
2024-06-13T13:52:09.875,1543.73077,-36.47817482
2024-06-13T13:52:10.106,1543.73095,-36.38272164
2024-06-13T13:52:10.363,1543.73014,-36.45891561
2024-06-13T13:52:10.590,1543.72903,-36.42065153
2024-06-13T13:52:10.846,1543.72997,-36.43974143
2024-06-13T13:52:11.087,1543.72951,-36.47817482
2024-06-13T13:52:11.340,1543.72959,-36.61543506
2024-06-13T13:52:11.569,1543.7291,-36.53647026
2024-06-13T13:52:11.820,1543.73007,-36.59555885
2024-06-13T13:52:12.068,1543.72998,-36.6756154
2024-06-13T13:52:12.304,1543.72974,-36.61543506
2024-06-13T13:52:12.546,1543.72937,-36.71620397
2024-06-13T13:52:12.796,1530.62141,-38.60120914
2024-06-13T13:52:13.051,1531.71602,-38.50780887
2024-06-13T13:52:13.305,1531.718,-38.32682665
2024-06-13T13:52:13.571,1531.89015,-38.32682665
2024-06-13T13:52:13.829,1531.70593,-38.38631998
2024-06-13T13:52:14.107,1531.71114,-38.09668302
2024-06-13T13:52:14.384,1531.71805,-38.29738285
2024-06-13T13:52:14.638,1531.71784,-38.38631998
2024-06-13T13:52:14.894,1531.71749,-38.35647144
2024-06-13T13:52:15.134,1531.71325,-37.25842151
2024-06-13T13:52:15.420,1544.1199,-36.73664139
2024-06-13T13:52:15.657,1544.11942,-35.98599459
2024-06-13T13:52:15.930,1544.12484,-36.19788758
2024-06-13T13:52:16.171,1544.12955,-36.10833916
2024-06-13T13:52:16.432,1544.12964,-36.17982957
2024-06-13T13:52:16.706,1544.12981,-36.21602099
2024-06-13T13:52:16.932,1544.12942,-36.10833916
2024-06-13T13:52:17.172,1544.12928,-36.16184634
2024-06-13T13:52:17.413,1544.12936,-36.19788758
2024-06-13T13:52:17.681,1544.12867,-36.40164518
2024-06-13T13:52:17.909,1529.84078,-38.69666232
2024-06-13T13:52:18.174,1531.71651,-38.44663963
2024-06-13T13:52:18.431,1531.71618,-38.15308569
2024-06-13T13:52:18.701,1531.71792,-38.18156412
2024-06-13T13:52:18.956,1531.71812,-38.15308569
2024-06-13T13:52:19.201,1531.71789,-37.95880017
2024-06-13T13:52:19.434,1531.71372,-37.21246399
2024-06-13T13:52:19.719,1544.52485,-36.71620397
2024-06-13T13:52:19.988,1544.52619,-36.8613278
2024-06-13T13:52:20.213,1544.52622,-36.61543506
2024-06-13T13:52:20.458,1544.52526,-36.79853714
2024-06-13T13:52:20.709,1544.52492,-36.71620397
2024-06-13T13:52:20.940,1544.52462,-36.6756154
2024-06-13T13:52:21.181,1544.52433,-36.71620397
2024-06-13T13:52:21.415,1544.52439,-36.73664139
2024-06-13T13:52:21.686,1544.52491,-36.79853714
2024-06-13T13:52:21.915,1544.52472,-36.77780705
2024-06-13T13:52:22.156,1544.5248,-36.79853714
2024-06-13T13:52:22.395,1544.52502,-36.94648631
2024-06-13T13:52:22.662,1544.52447,-36.81936665
2024-06-13T13:52:22.890,1531.71616,-38.60120914
2024-06-13T13:52:23.124,1531.71604,-38.72895202
2024-06-13T13:52:23.372,1531.71605,-38.38631998
2024-06-13T13:52:23.654,1531.71589,-38.41637508
2024-06-13T13:52:23.903,1531.71582,-38.38631998
2024-06-13T13:52:24.141,1531.71663,-38.26813732
2024-06-13T13:52:24.384,1531.71509,-37.3754891
2024-06-13T13:52:24.651,1544.9301,-37.1219827
2024-06-13T13:52:24.878,1544.92508,-36.94648631
2024-06-13T13:52:25.113,1544.92486,-37.14442691
2024-06-13T13:52:25.363,1544.92434,-37.14442691
2024-06-13T13:52:25.624,1544.92312,-37.0333481
2024-06-13T13:52:25.877,1544.92325,-36.92503962
2024-06-13T13:52:26.111,1544.92353,-37.21246399
2024-06-13T13:52:26.362,1544.92367,-37.09965389
2024-06-13T13:52:26.591,1544.92336,-37.1219827
2024-06-13T13:52:26.850,1544.92312,-37.23538196
2024-06-13T13:52:27.078,1544.92257,-37.21246399
2024-06-13T13:52:27.335,1544.92301,-37.1219827
2024-06-13T13:52:27.561,1544.923,-37.21246399
2024-06-13T13:52:27.816,1529.84179,-38.60120914
2024-06-13T13:52:28.071,1531.71554,-38.569852
2024-06-13T13:52:28.349,1531.7161,-38.50780887
2024-06-13T13:52:28.577,1531.71593,-38.04100348
2024-06-13T13:52:28.837,1531.71797,-38.21023053
2024-06-13T13:52:29.070,1531.71786,-38.12479279
2024-06-13T13:52:29.351,1531.71756,-38.21023053
2024-06-13T13:52:29.581,1530.35991,-38.18156412
2024-06-13T13:52:29.864,1531.71608,-38.44663963
2024-06-13T13:52:30.125,1531.71438,-37.54487332
2024-06-13T13:52:30.369,1529.53326,-37.16698771
2024-06-13T13:52:30.640,1545.31342,-36.45891561
2024-06-13T13:52:30.908,1545.31887,-36.30784143
2024-06-13T13:52:31.148,1545.32344,-36.40164518
2024-06-13T13:52:31.403,1545.3234,-36.42065153
2024-06-13T13:52:31.673,1545.32357,-36.25251654
2024-06-13T13:52:31.905,1545.32388,-36.30784143
2024-06-13T13:52:32.145,1545.32332,-36.17982957
2024-06-13T13:52:32.379,1545.32305,-36.32644079
2024-06-13T13:52:32.648,1545.32176,-36.42065153
2024-06-13T13:52:32.873,1545.32213,-38.18156412
2024-06-13T13:52:33.141,1531.71598,-38.09668302
2024-06-13T13:52:33.398,1531.71601,-38.38631998
2024-06-13T13:52:33.663,1531.71618,-37.95880017
2024-06-13T13:52:33.891,1531.71642,-38.06875402
2024-06-13T13:52:34.134,1531.71578,-38.38631998
2024-06-13T13:52:34.371,1531.77598,-37.28158393
2024-06-13T13:52:34.659,1545.71946,-37.54487332
2024-06-13T13:52:34.910,1545.72053,-37.42321425
2024-06-13T13:52:35.154,1545.72098,-37.54487332
2024-06-13T13:52:35.385,1545.72055,-37.49579998
2024-06-13T13:52:35.658,1545.71981,-37.47146969
2024-06-13T13:52:35.898,1545.71943,-37.47146969
2024-06-13T13:52:36.154,1545.71889,-37.56961951
2024-06-13T13:52:36.384,1545.71907,-37.54487332
2024-06-13T13:52:36.657,1545.71883,-37.52026734
2024-06-13T13:52:36.886,1545.71929,-37.49579998
2024-06-13T13:52:37.126,1545.71934,-37.61953897
2024-06-13T13:52:37.358,1545.71934,-37.59450752
2024-06-13T13:52:37.620,1545.71954,-37.69551079
2024-06-13T13:52:37.848,1545.72057,-38.44663963
2024-06-13T13:52:38.108,1531.71577,-38.32682665
2024-06-13T13:52:38.369,1531.71589,-38.18156412
2024-06-13T13:52:38.625,1530.62884,-38.29738285
2024-06-13T13:52:38.857,1529.68707,-38.04100348
2024-06-13T13:52:39.117,1530.95487,-38.50780887
2024-06-13T13:52:39.374,1531.36336,-37.49579998
2024-06-13T13:52:39.648,1546.14154,-37.49579998
2024-06-13T13:52:39.900,1546.13505,-38.23908741
2024-06-13T13:52:40.160,1546.11988,-38.12479279
2024-06-13T13:52:40.394,1546.11821,-38.09668302
2024-06-13T13:52:40.647,1546.1173,-38.26813732
2024-06-13T13:52:40.873,1546.11767,-38.09668302
2024-06-13T13:52:41.135,1546.11689,-38.01342913
2024-06-13T13:52:41.366,1546.11695,-38.12479279
2024-06-13T13:52:41.617,1546.11705,-37.95880017
2024-06-13T13:52:41.844,1546.11689,-38.18156412
2024-06-13T13:52:42.099,1546.1176,-38.32682665
2024-06-13T13:52:42.342,1546.11749,-38.23908741
2024-06-13T13:52:42.590,1546.11768,-38.35647144
2024-06-13T13:52:42.821,1546.11827,-38.44663963
2024-06-13T13:52:43.071,1531.71572,-38.29738285
2024-06-13T13:52:43.321,1531.48326,-38.18156412
2024-06-13T13:52:43.591,1530.62108,-38.38631998
2024-06-13T13:52:43.820,1531.42316,-37.77283529
2024-06-13T13:52:44.074,1531.42331,-37.82516056
2024-06-13T13:52:44.333,1531.42272,-38.53871964
2024-06-13T13:52:44.568,1529.6873,-38.23908741
2024-06-13T13:52:44.810,1529.6875,-38.23908741
2024-06-13T13:52:45.084,1531.35087,-37.1219827
2024-06-13T13:52:45.344,1546.50999,-37.79891912
2024-06-13T13:52:45.618,1546.51101,-37.82516056
2024-06-13T13:52:45.845,1546.51271,-37.59450752
2024-06-13T13:52:46.093,1546.51917,-37.6700389
2024-06-13T13:52:46.350,1546.51888,-37.93174124
2024-06-13T13:52:46.640,1546.51919,-37.56961951
2024-06-13T13:52:46.872,1546.51898,-37.87812396
2024-06-13T13:52:47.113,1546.51893,-37.6700389
2024-06-13T13:52:47.345,1546.51891,-37.56961951
2024-06-13T13:52:47.606,1546.5174,-37.69551079
2024-06-13T13:52:47.833,1546.51723,-37.90484985
2024-06-13T13:52:48.067,1530.29791,-38.29738285
2024-06-13T13:52:48.314,1530.29797,-38.35647144
2024-06-13T13:52:48.569,1531.7174,-38.04100348
2024-06-13T13:52:48.831,1531.71749,-38.15308569
2024-06-13T13:52:49.069,1529.03171,-38.06875402
2024-06-13T13:52:49.313,1531.46587,-37.09965389
2024-06-13T13:52:49.593,1546.91541,-37.74690718
2024-06-13T13:52:49.842,1546.91699,-37.74690718
2024-06-13T13:52:50.082,1546.91741,-37.49579998
2024-06-13T13:52:50.325,1546.91686,-37.18966633
2024-06-13T13:52:50.592,1546.91571,-37.69551079
2024-06-13T13:52:50.821,1546.91567,-37.35182177
2024-06-13T13:52:51.052,1546.91532,-37.93174124
2024-06-13T13:52:51.301,1546.91542,-37.44727495
2024-06-13T13:52:51.561,1546.91549,-37.61953897
2024-06-13T13:52:51.794,1546.91555,-37.74690718
2024-06-13T13:52:52.029,1546.91569,-37.54487332
2024-06-13T13:52:52.279,1546.9161,-37.6700389
2024-06-13T13:52:52.510,1546.91592,-37.87812396
2024-06-13T13:52:52.761,1546.91617,-37.61953897
2024-06-13T13:52:52.994,1546.91621,-38.09668302
2024-06-13T13:52:53.262,1531.39364,-38.09668302
2024-06-13T13:52:53.514,1530.98655,-38.21023053
2024-06-13T13:52:53.779,1529.68681,-38.21023053
2024-06-13T13:52:54.038,1531.39197,-38.01342913
2024-06-13T13:52:54.302,1531.7053,-37.16698771
2024-06-13T13:52:54.571,1531.8482,-36.88246139
2024-06-13T13:52:54.786,1547.33687,-36.92503962
2024-06-13T13:52:55.060,1547.3179,-36.8613278
2024-06-13T13:52:55.304,1547.31701,-37.14442691
2024-06-13T13:52:55.549,1547.31568,-37.16698771
2024-06-13T13:52:55.782,1547.31546,-37.30487056
2024-06-13T13:52:56.027,1547.31544,-37.32828272
2024-06-13T13:52:56.277,1547.31554,-37.25842151
2024-06-13T13:52:56.510,1547.31539,-37.23538196
2024-06-13T13:52:56.774,1547.31554,-37.14442691
2024-06-13T13:52:57.020,1547.3156,-37.07743929
2024-06-13T13:52:57.285,1547.31545,-36.53647026
2024-06-13T13:52:57.521,1547.31545,-36.88246139
2024-06-13T13:52:57.766,1547.31555,-36.98970004
2024-06-13T13:52:58.009,1531.7155,-38.21023053
2024-06-13T13:52:58.245,1531.71793,-38.26813732
2024-06-13T13:52:58.454,1531.71743,-38.12479279
2024-06-13T13:52:58.680,1531.71738,-38.18156412
2024-06-13T13:52:58.915,1531.71791,-38.15308569
2024-06-13T13:52:59.126,1531.71748,-38.23908741
2024-06-13T13:52:59.355,1530.95521,-38.32682665
2024-06-13T13:52:59.591,1530.95539,-38.44663963
2024-06-13T13:52:59.819,1531.71586,-37.77283529
2024-06-13T13:53:00.085,1531.71584,-37.69551079
2024-06-13T13:53:00.340,1531.71547,-38.21023053
2024-06-13T13:53:00.609,1531.71583,-37.77283529
2024-06-13T13:53:00.876,1531.71544,-37.59450752
2024-06-13T13:53:01.125,1530.3098,-37.3754891
2024-06-13T13:53:01.388,1530.30753,-36.75717545
2024-06-13T13:53:01.647,1547.70871,-36.57577319
2024-06-13T13:53:01.937,1547.71152,-36.57577319
2024-06-13T13:53:02.171,1547.71584,-36.3638802
2024-06-13T13:53:02.416,1547.71651,-36.55607726
2024-06-13T13:53:02.654,1547.71618,-36.65546249
2024-06-13T13:53:02.910,1547.71681,-36.47817482
2024-06-13T13:53:03.137,1530.36051,-38.21023053
2024-06-13T13:53:03.388,1529.86713,-38.26813732
2024-06-13T13:53:03.645,1531.71563,-38.21023053
2024-06-13T13:53:03.934,1531.71545,-38.38631998
2024-06-13T13:53:04.205,1530.95529,-37.28158393
2024-06-13T13:53:04.451,1548.12409,-37.30487056
2024-06-13T13:53:04.731,1548.11361,-37.32828272
2024-06-13T13:53:04.964,1548.11441,-37.47146969
2024-06-13T13:53:05.235,1548.11449,-37.25842151
2024-06-13T13:53:05.464,1548.11431,-37.44727495
2024-06-13T13:53:05.705,1548.11379,-37.35182177
2024-06-13T13:53:05.942,1548.11402,-37.28158393
2024-06-13T13:53:06.211,1548.11314,-37.35182177
2024-06-13T13:53:06.438,1548.11339,-37.56961951
2024-06-13T13:53:06.675,1548.11339,-37.47146969
2024-06-13T13:53:06.918,1548.11362,-37.42321425
2024-06-13T13:53:07.205,1548.11356,-37.1219827
2024-06-13T13:53:07.427,1548.11317,-37.30487056
2024-06-13T13:53:07.663,1548.11332,-37.23538196
2024-06-13T13:53:07.911,1548.11421,-37.35182177
2024-06-13T13:53:08.142,1530.76254,-38.41637508
2024-06-13T13:53:08.423,1531.71789,-38.32682665
2024-06-13T13:53:08.683,1531.71763,-38.26813732
2024-06-13T13:53:08.926,1531.71765,-38.32682665
2024-06-13T13:53:09.172,1531.71779,-38.53871964
2024-06-13T13:53:09.422,1531.71762,-38.29738285
2024-06-13T13:53:09.659,1531.71657,-38.18156412
2024-06-13T13:53:09.907,1531.70835,-37.93174124
2024-06-13T13:53:10.141,1531.71731,-38.26813732
2024-06-13T13:53:10.399,1548.53696,-37.69551079
2024-06-13T13:53:10.634,1548.52908,-37.93174124
2024-06-13T13:53:10.887,1548.51912,-37.85156152
2024-06-13T13:53:11.117,1548.51516,-37.79891912
2024-06-13T13:53:11.379,1548.51296,-37.74690718
2024-06-13T13:53:11.611,1548.51331,-37.74690718
2024-06-13T13:53:11.869,1548.51299,-37.74690718
2024-06-13T13:53:12.093,1548.51277,-37.59450752
2024-06-13T13:53:12.349,1548.51314,-37.6700389
2024-06-13T13:53:12.589,1548.51309,-37.72113295
2024-06-13T13:53:12.836,1548.51321,-37.47146969
2024-06-13T13:53:13.066,1531.71684,-38.21023053
2024-06-13T13:53:13.318,1531.71586,-38.12479279
2024-06-13T13:53:13.567,1531.71615,-37.85156152
2024-06-13T13:53:13.801,1531.71615,-38.09668302
2024-06-13T13:53:14.038,1531.71738,-38.41637508
2024-06-13T13:53:14.278,1531.71757,-38.32682665
2024-06-13T13:53:14.551,1531.71749,-38.26813732
2024-06-13T13:53:14.787,1531.71584,-37.79891912
2024-06-13T13:53:15.062,1531.71402,-37.59450752
2024-06-13T13:53:15.298,1532.32584,-37.18966633
2024-06-13T13:53:15.578,1548.91171,-37.69551079
2024-06-13T13:53:15.852,1548.91436,-37.85156152
2024-06-13T13:53:16.080,1548.91623,-37.82516056
2024-06-13T13:53:16.344,1548.91636,-38.04100348
2024-06-13T13:53:16.591,1548.91671,-38.15308569
2024-06-13T13:53:16.863,1548.91564,-37.93174124
2024-06-13T13:53:17.093,1548.91542,-38.18156412
2024-06-13T13:53:17.342,1548.91491,-38.18156412
2024-06-13T13:53:17.595,1548.91508,-38.04100348
2024-06-13T13:53:17.869,1531.7163,-38.53871964
2024-06-13T13:53:18.099,1531.71587,-38.15308569
2024-06-13T13:53:18.338,1531.71595,-38.29738285
2024-06-13T13:53:18.577,1531.71576,-38.01342913
2024-06-13T13:53:18.843,1531.71558,-37.85156152
2024-06-13T13:53:19.073,1531.71574,-38.569852
2024-06-13T13:53:19.313,1531.85988,-37.28158393
2024-06-13T13:53:19.577,1549.32336,-37.28158393
2024-06-13T13:53:19.866,1549.31534,-37.28158393
2024-06-13T13:53:20.093,1549.31558,-37.28158393
2024-06-13T13:53:20.337,1549.31525,-37.23538196
2024-06-13T13:53:20.571,1549.31484,-37.54487332
2024-06-13T13:53:20.842,1549.31426,-37.09965389
2024-06-13T13:53:21.067,1549.31449,-37.54487332
2024-06-13T13:53:21.306,1549.31437,-37.3754891
2024-06-13T13:53:21.549,1549.31446,-37.21246399
2024-06-13T13:53:21.816,1549.31387,-37.52026734
2024-06-13T13:53:22.045,1549.31417,-37.39928612
2024-06-13T13:53:22.281,1549.31431,-37.59450752
2024-06-13T13:53:22.529,1549.31468,-37.44727495
2024-06-13T13:53:22.765,1549.31425,-37.72113295
2024-06-13T13:53:23.015,1531.71592,-38.66461092
2024-06-13T13:53:23.246,1531.71532,-38.35647144
2024-06-13T13:53:23.536,1531.71813,-38.21023053
2024-06-13T13:53:23.771,1531.71648,-38.06875402
2024-06-13T13:53:24.038,1531.71679,-38.21023053
2024-06-13T13:53:24.283,1531.71543,-38.44663963
2024-06-13T13:53:24.532,1531.71584,-38.09668302
2024-06-13T13:53:24.766,1531.71569,-37.85156152
2024-06-13T13:53:25.018,1530.95514,-37.95880017
2024-06-13T13:53:25.292,1549.73753,-36.3638802
2024-06-13T13:53:25.559,1549.73051,-35.9345982
2024-06-13T13:53:25.812,1549.72091,-35.80044252
2024-06-13T13:53:26.037,1549.7153,-36.30784143
2024-06-13T13:53:26.279,1549.71383,-35.96879479
2024-06-13T13:53:26.528,1549.71295,-35.90066877
2024-06-13T13:53:26.794,1549.71358,-36.27087997
2024-06-13T13:53:27.023,1549.71346,-36.28932138
2024-06-13T13:53:27.261,1549.71318,-36.34512015
2024-06-13T13:53:27.511,1549.7134,-36.34512015
2024-06-13T13:53:27.767,1549.71385,-36.38272164
2024-06-13T13:53:28.026,1531.71551,-38.44663963
2024-06-13T13:53:28.263,1531.71556,-38.18156412
2024-06-13T13:53:28.510,1531.71553,-37.90484985
2024-06-13T13:53:28.742,1531.71505,-38.01342913
2024-06-13T13:53:29.002,1530.95427,-38.15308569
2024-06-13T13:53:29.235,1530.9551,-38.01342913
2024-06-13T13:53:29.511,1531.71663,-37.98602876
2024-06-13T13:53:29.779,1531.7153,-37.93174124
2024-06-13T13:53:30.042,1531.40853,-37.32828272
2024-06-13T13:53:30.309,1550.11033,-36.84029655
2024-06-13T13:53:30.565,1550.11032,-36.73664139
2024-06-13T13:53:30.824,1550.11457,-36.88246139
2024-06-13T13:53:31.054,1550.1178,-37.05533774
2024-06-13T13:53:31.326,1550.11741,-36.47817482
2024-06-13T13:53:31.575,1550.11736,-36.59555885
2024-06-13T13:53:31.821,1550.11717,-36.61543506
2024-06-13T13:53:32.047,1550.11659,-36.81936665
2024-06-13T13:53:32.309,1550.11617,-36.63540266
2024-06-13T13:53:32.541,1550.11594,-36.73664139
2024-06-13T13:53:32.799,1550.1158,-36.69586227
2024-06-13T13:53:33.025,1550.11496,-37.32828272
2024-06-13T13:53:33.282,1531.71535,-37.82516056
2024-06-13T13:53:33.520,1531.7153,-38.26813732
2024-06-13T13:53:33.759,1531.71527,-38.32682665
2024-06-13T13:53:33.995,1530.7331,-38.21023053
2024-06-13T13:53:34.270,1550.5269,-36.90369833
2024-06-13T13:53:34.530,1550.5213,-36.53647026
2024-06-13T13:53:34.784,1550.51623,-36.77780705
2024-06-13T13:53:35.012,1550.51746,-36.96803943
2024-06-13T13:53:35.254,1550.51738,-36.51695137
2024-06-13T13:53:35.503,1550.51718,-36.40164518
2024-06-13T13:53:35.764,1550.51621,-36.55607726
2024-06-13T13:53:35.995,1550.51625,-36.81936665
2024-06-13T13:53:36.229,1550.51622,-36.38272164
2024-06-13T13:53:36.478,1550.51637,-36.61543506
2024-06-13T13:53:36.709,1550.51609,-36.79853714
2024-06-13T13:53:36.968,1550.51642,-36.65546249
2024-06-13T13:53:37.199,1550.51644,-36.77780705
2024-06-13T13:53:37.452,1550.51676,-36.90369833
2024-06-13T13:53:37.680,1550.5167,-36.84029655
2024-06-13T13:53:37.940,1530.29597,-38.50780887
2024-06-13T13:53:38.220,1530.52271,-38.32682665
2024-06-13T13:53:38.490,1531.71525,-38.23908741
2024-06-13T13:53:38.731,1529.68618,-38.15308569
2024-06-13T13:53:39.007,1529.68587,-38.01342913
2024-06-13T13:53:39.276,1530.73348,-38.12479279
2024-06-13T13:53:39.533,1530.73302,-38.15308569
2024-06-13T13:53:39.819,1531.39191,-37.93174124
2024-06-13T13:53:40.092,1529.65373,-38.29738285
2024-06-13T13:53:40.339,1531.39697,-37.05533774
2024-06-13T13:53:40.613,1550.93827,-37.05533774
2024-06-13T13:53:40.870,1550.92872,-36.92503962
2024-06-13T13:53:41.134,1550.91746,-36.92503962
2024-06-13T13:53:41.368,1550.91689,-36.79853714
2024-06-13T13:53:41.611,1550.91648,-37.09965389
2024-06-13T13:53:41.843,1550.91649,-36.8613278
2024-06-13T13:53:42.113,1550.91641,-37.18966633
2024-06-13T13:53:42.340,1550.91637,-37.21246399
2024-06-13T13:53:42.577,1550.91616,-37.25842151
2024-06-13T13:53:42.817,1550.91627,-37.3754891
2024-06-13T13:53:43.086,1531.71541,-38.21023053
2024-06-13T13:53:43.313,1531.48616,-38.29738285
2024-06-13T13:53:43.575,1531.71492,-38.35647144
2024-06-13T13:53:43.834,1531.71264,-38.29738285
2024-06-13T13:53:44.121,1530.73302,-38.12479279
2024-06-13T13:53:44.388,1531.39195,-38.06875402
2024-06-13T13:53:44.619,1531.71709,-38.29738285
2024-06-13T13:53:44.878,1531.7164,-38.26813732
2024-06-13T13:53:45.158,1531.37074,-37.56961951
2024-06-13T13:53:45.433,1551.3142,-37.56961951
2024-06-13T13:53:45.685,1551.31477,-37.49579998
2024-06-13T13:53:45.932,1551.3208,-37.6700389
2024-06-13T13:53:46.163,1551.32014,-37.42321425
2024-06-13T13:53:46.455,1551.3201,-37.3754891
2024-06-13T13:53:46.687,1551.32004,-37.39928612
2024-06-13T13:53:46.928,1551.31985,-37.61953897
2024-06-13T13:53:47.162,1551.31975,-37.52026734
2024-06-13T13:53:47.433,1551.31911,-37.54487332
2024-06-13T13:53:47.658,1551.31877,-37.42321425
2024-06-13T13:53:47.898,1551.31848,-37.47146969
2024-06-13T13:53:48.137,1531.01744,-38.15308569
2024-06-13T13:53:48.419,1530.98431,-38.12479279
2024-06-13T13:53:48.657,1530.7334,-38.26813732
2024-06-13T13:53:48.900,1529.68633,-37.82516056
2024-06-13T13:53:49.136,1531.71576,-38.06875402
2024-06-13T13:53:49.429,1530.95567,-38.35647144
2024-06-13T13:53:49.685,1531.71537,-38.26813732
2024-06-13T13:53:49.927,1531.71504,-38.38631998
2024-06-13T13:53:50.160,1531.71502,-38.21023053
2024-06-13T13:53:50.444,1551.73048,-36.84029655
2024-06-13T13:53:50.713,1551.72729,-36.69586227
2024-06-13T13:53:50.942,1551.71928,-36.42065153
2024-06-13T13:53:51.183,1551.72057,-36.71620397
2024-06-13T13:53:51.433,1551.72019,-36.38272164
2024-06-13T13:53:51.667,1551.72021,-36.40164518
2024-06-13T13:53:51.914,1551.71998,-36.53647026
2024-06-13T13:53:52.144,1551.72009,-36.69586227
2024-06-13T13:53:52.414,1551.71931,-36.45891561
2024-06-13T13:53:52.641,1551.71965,-36.63540266
2024-06-13T13:53:52.883,1551.71953,-36.3638802
2024-06-13T13:53:53.121,1529.86269,-38.38631998
2024-06-13T13:53:53.406,1530.62839,-38.18156412
2024-06-13T13:53:53.660,1530.62913,-38.15308569
2024-06-13T13:53:53.903,1531.39191,-38.21023053
2024-06-13T13:53:54.161,1530.97765,-38.15308569
2024-06-13T13:53:54.426,1531.76462,-36.19788758
2024-06-13T13:53:54.694,1552.14727,-36.19788758
2024-06-13T13:53:54.946,1552.13526,-35.63837353
2024-06-13T13:53:55.181,1552.12637,-35.73488739
2024-06-13T13:53:55.444,1552.12108,-35.90066877
2024-06-13T13:53:55.695,1552.12099,-35.73488739
2024-06-13T13:53:55.924,1552.12154,-35.7024772
2024-06-13T13:53:56.175,1552.12129,-35.49750892
2024-06-13T13:53:56.423,1552.12079,-35.7024772
2024-06-13T13:53:56.657,1552.12118,-36.17982957
2024-06-13T13:53:56.900,1552.12126,-35.55955204
2024-06-13T13:53:57.138,1552.1213,-35.71865206
2024-06-13T13:53:57.392,1552.1217,-35.9345982
2024-06-13T13:53:57.619,1552.12172,-35.73488739
2024-06-13T13:53:57.861,1552.12194,-35.68636236
2024-06-13T13:53:58.101,1530.29771,-38.35647144
2024-06-13T13:53:58.369,1529.68616,-37.85156152
2024-06-13T13:53:58.621,1531.71575,-37.79891912
2024-06-13T13:53:58.910,1531.71521,-38.06875402
2024-06-13T13:53:59.166,1531.71508,-38.12479279
2024-06-13T13:53:59.430,1529.686,-37.90484985
2024-06-13T13:53:59.671,1529.68608,-37.79891912
2024-06-13T13:53:59.912,1529.68605,-37.82516056
2024-06-13T13:54:00.181,1552.52026,-36.23423043
2024-06-13T13:54:00.441,1552.51987,-35.80044252
2024-06-13T13:54:00.699,1552.52088,-36.14393726
2024-06-13T13:54:00.926,1552.52453,-35.76754126
2024-06-13T13:54:01.173,1552.52596,-35.76754126
2024-06-13T13:54:01.437,1552.52661,-36.05548319
2024-06-13T13:54:01.709,1552.52553,-35.68636236
2024-06-13T13:54:01.934,1552.52513,-35.81698709
2024-06-13T13:54:02.177,1552.52438,-36.32644079
2024-06-13T13:54:02.420,1552.5242,-36.07303047
2024-06-13T13:54:02.689,1552.52399,-36.00326279
2024-06-13T13:54:02.915,1552.52508,-38.04100348
2024-06-13T13:54:03.178,1531.17645,-38.01342913
2024-06-13T13:54:03.438,1530.72022,-38.01342913
2024-06-13T13:54:03.728,1530.30992,-38.09668302
2024-06-13T13:54:03.998,1530.30755,-38.15308569
2024-06-13T13:54:04.249,1531.17644,-38.23908741
2024-06-13T13:54:04.524,1529.68607,-37.79891912
2024-06-13T13:54:04.785,1531.49248,-38.01342913
2024-06-13T13:54:05.071,1531.39171,-38.04100348
2024-06-13T13:54:05.318,1532.29253,-37.07743929
2024-06-13T13:54:05.572,1552.93708,-35.80044252
2024-06-13T13:54:05.842,1552.92458,-35.83359493
2024-06-13T13:54:06.080,1552.92651,-35.71865206
2024-06-13T13:54:06.348,1552.92546,-35.85026652
2024-06-13T13:54:06.575,1552.92594,-35.68636236
2024-06-13T13:54:06.813,1552.92554,-35.86700236
2024-06-13T13:54:07.060,1552.92567,-35.76754126
2024-06-13T13:54:07.325,1552.9254,-35.55955204
2024-06-13T13:54:07.555,1552.92513,-35.81698709
2024-06-13T13:54:07.792,1552.92492,-35.68636236
2024-06-13T13:54:08.039,1552.92456,-37.05533774
2024-06-13T13:54:08.273,1531.39286,-38.21023053
2024-06-13T13:54:08.524,1529.86436,-38.01342913
2024-06-13T13:54:08.757,1531.39267,-38.04100348
2024-06-13T13:54:09.037,1531.07012,-38.06875402
2024-06-13T13:54:09.325,1529.68595,-37.90484985
2024-06-13T13:54:09.577,1531.38753,-37.32828272
2024-06-13T13:54:09.840,1531.87925,-37.0333481
2024-06-13T13:54:10.080,1553.33226,-36.12610174
2024-06-13T13:54:10.359,1553.33018,-35.71865206
2024-06-13T13:54:10.589,1553.32963,-35.73488739
2024-06-13T13:54:10.848,1553.32691,-36.16184634
2024-06-13T13:54:11.081,1553.32717,-35.95166283
2024-06-13T13:54:11.339,1553.32741,-35.80044252
2024-06-13T13:54:11.567,1553.32742,-36.03800653
2024-06-13T13:54:11.820,1553.32784,-36.27087997
2024-06-13T13:54:12.057,1553.32787,-36.14393726
2024-06-13T13:54:12.312,1553.32794,-36.02059991
2024-06-13T13:54:12.534,1553.32789,-35.73488739
2024-06-13T13:54:12.781,1553.32826,-37.01146924
2024-06-13T13:54:13.030,1530.62785,-38.29738285
2024-06-13T13:54:13.266,1531.71486,-38.18156412
2024-06-13T13:54:13.532,1531.71478,-37.95880017
2024-06-13T13:54:13.798,1531.39046,-38.06875402
2024-06-13T13:54:14.059,1531.3907,-38.23908741
2024-06-13T13:54:14.316,1531.71491,-37.93174124
2024-06-13T13:54:14.574,1531.39204,-38.04100348
2024-06-13T13:54:14.835,1531.71487,-37.82516056
2024-06-13T13:54:15.091,1531.71359,-37.44727495
2024-06-13T13:54:15.341,1531.38288,-36.84029655
2024-06-13T13:54:15.592,1553.72756,-36.12610174
2024-06-13T13:54:15.873,1553.73311,-36.27087997
2024-06-13T13:54:16.110,1553.73216,-36.14393726
2024-06-13T13:54:16.375,1553.73255,-36.23423043
2024-06-13T13:54:16.643,1553.73339,-35.9345982
2024-06-13T13:54:16.871,1553.73268,-36.25251654
2024-06-13T13:54:17.127,1553.73206,-36.27087997
2024-06-13T13:54:17.370,1553.73165,-36.27087997
2024-06-13T13:54:17.622,1553.73161,-36.21602099
2024-06-13T13:54:17.846,1553.7312,-36.10833916
2024-06-13T13:54:18.098,1530.61811,-38.12479279
2024-06-13T13:54:18.367,1531.42205,-38.15308569
2024-06-13T13:54:18.642,1530.73265,-38.06875402
2024-06-13T13:54:18.896,1530.73319,-38.04100348
2024-06-13T13:54:19.168,1531.39132,-37.95880017
2024-06-13T13:54:19.423,1531.48121,-38.09668302
2024-06-13T13:54:19.708,1530.52143,-38.12479279
2024-06-13T13:54:19.963,1531.48156,-38.06875402
2024-06-13T13:54:20.217,1530.95391,-38.18156412
2024-06-13T13:54:20.491,1554.14831,-36.77780705
2024-06-13T13:54:20.743,1554.14405,-35.52841969
2024-06-13T13:54:21.025,1554.1339,-35.3313238
2024-06-13T13:54:21.280,1554.13346,-35.48213564
2024-06-13T13:54:21.507,1554.13233,-35.67030709
2024-06-13T13:54:21.749,1554.13319,-35.30177984
2024-06-13T13:54:22.000,1554.13293,-35.3313238
2024-06-13T13:54:22.234,1554.13275,-35.18557371
2024-06-13T13:54:22.485,1554.13267,-35.19993057
2024-06-13T13:54:22.736,1554.13258,-35.40607512
2024-06-13T13:54:22.986,1530.52004,-38.21023053
2024-06-13T13:54:23.220,1530.95648,-37.93174124
2024-06-13T13:54:23.463,1530.29037,-38.18156412
2024-06-13T13:54:23.720,1530.30955,-38.04100348
2024-06-13T13:54:24.006,1531.39159,-38.26813732
2024-06-13T13:54:24.281,1531.39128,-38.21023053
2024-06-13T13:54:24.505,1529.68549,-37.6700389
2024-06-13T13:54:24.787,1554.55564,-34.78861916
2024-06-13T13:54:25.041,1554.54159,-34.76253533
2024-06-13T13:54:25.299,1554.53821,-34.85452247
2024-06-13T13:54:25.526,1554.53758,-34.90797478
2024-06-13T13:54:25.787,1554.53477,-35.01689446
2024-06-13T13:54:26.017,1554.53557,-35.48213564
2024-06-13T13:54:26.275,1554.53562,-35.21433504
2024-06-13T13:54:26.496,1554.53564,-35.27243551
2024-06-13T13:54:26.746,1554.53591,-35.25783736
2024-06-13T13:54:26.990,1554.53586,-35.3313238
2024-06-13T13:54:27.229,1554.53589,-35.17126416
2024-06-13T13:54:27.461,1554.53629,-35.28708289
2024-06-13T13:54:27.712,1554.53635,-35.15700161
2024-06-13T13:54:27.963,1530.29094,-38.38631998
2024-06-13T13:54:28.195,1530.74071,-38.32682665
2024-06-13T13:54:28.457,1531.39141,-38.06875402
2024-06-13T13:54:28.714,1531.39156,-38.06875402
2024-06-13T13:54:28.997,1530.73254,-37.85156152
2024-06-13T13:54:29.274,1531.39157,-37.82516056
2024-06-13T13:54:29.500,1531.39124,-37.87812396
2024-06-13T13:54:29.774,1531.3917,-37.95880017
2024-06-13T13:54:30.007,1531.39148,-37.61953897
2024-06-13T13:54:30.279,1554.93642,-34.20216403
2024-06-13T13:54:30.508,1554.93688,-34.36518915
2024-06-13T13:54:30.750,1554.94133,-34.27128398
2024-06-13T13:54:30.987,1554.94094,-34.53457337
2024-06-13T13:54:31.263,1554.94105,-34.2365865
2024-06-13T13:54:31.509,1554.94035,-34.48550002
2024-06-13T13:54:31.749,1554.93986,-34.54692884
2024-06-13T13:54:31.985,1554.94009,-34.43697499
2024-06-13T13:54:32.254,1554.93943,-34.47331784
2024-06-13T13:54:32.481,1554.93931,-34.58420756
2024-06-13T13:54:32.722,1554.93904,-34.68521083
2024-06-13T13:54:32.966,1554.93928,-34.38898616
2024-06-13T13:54:33.234,1531.71387,-38.09668302
2024-06-13T13:54:33.461,1531.71449,-38.23908741
2024-06-13T13:54:33.720,1531.71439,-37.93174124
2024-06-13T13:54:33.964,1530.73222,-37.90484985
2024-06-13T13:54:34.237,1530.73125,-37.93174124
2024-06-13T13:54:34.496,1531.39114,-37.6700389
2024-06-13T13:54:34.778,1529.6854,-37.72113295
2024-06-13T13:54:35.012,1529.68518,-37.59450752
2024-06-13T13:54:35.262,1529.68532,-37.72113295
2024-06-13T13:54:35.493,1531.86199,-37.01146924
2024-06-13T13:54:35.771,1555.34212,-33.99027104
2024-06-13T13:54:36.029,1555.34344,-33.93618635
2024-06-13T13:54:36.277,1555.34331,-34.12289035
2024-06-13T13:54:36.511,1555.34238,-34.3062609
2024-06-13T13:54:36.771,1555.34266,-34.28291168
2024-06-13T13:54:37.006,1555.34157,-34.10050399
2024-06-13T13:54:37.255,1555.34167,-34.20216403
2024-06-13T13:54:37.486,1555.34177,-34.13412695
2024-06-13T13:54:37.746,1555.34187,-34.25968732
2024-06-13T13:54:37.978,1530.3187,-38.29738285
2024-06-13T13:54:38.234,1531.71488,-38.12479279
2024-06-13T13:54:38.461,1531.71459,-37.90484985
2024-06-13T13:54:38.721,1531.71467,-38.23908741
2024-06-13T13:54:38.957,1531.71423,-38.47711656
2024-06-13T13:54:39.213,1529.68591,-38.12479279
2024-06-13T13:54:39.466,1529.68369,-38.04100348
2024-06-13T13:54:39.726,1555.77007,-34.38898616
2024-06-13T13:54:39.991,1555.7562,-34.36518915
2024-06-13T13:54:40.257,1555.74943,-34.36518915
2024-06-13T13:54:40.491,1555.74754,-34.31798276
2024-06-13T13:54:40.749,1555.74579,-34.55931956
2024-06-13T13:54:40.986,1555.74631,-34.36518915
2024-06-13T13:54:41.237,1555.74615,-34.2945706
2024-06-13T13:54:41.468,1555.7456,-34.3062609
2024-06-13T13:54:41.725,1555.74541,-34.42492798
2024-06-13T13:54:41.958,1555.74536,-34.49771647
2024-06-13T13:54:42.210,1555.74542,-34.63441557
2024-06-13T13:54:42.431,1555.74583,-34.46116973
2024-06-13T13:54:42.688,1555.74671,-34.40093375
2024-06-13T13:54:42.930,1530.61901,-38.50780887
2024-06-13T13:54:43.183,1529.66369,-38.44663963
2024-06-13T13:54:43.411,1530.62752,-38.06875402
2024-06-13T13:54:43.661,1531.39081,-37.90484985
2024-06-13T13:54:43.909,1531.39106,-37.90484985
2024-06-13T13:54:44.146,1531.39107,-37.93174124
2024-06-13T13:54:44.386,1531.39082,-37.93174124
2024-06-13T13:54:44.639,1531.14903,-38.04100348
2024-06-13T13:54:44.909,1531.71449,-37.87812396
2024-06-13T13:54:45.181,1531.71411,-37.47146969
2024-06-13T13:54:45.409,1556.15179,-35.90066877
2024-06-13T13:54:45.651,1556.15108,-34.36518915
2024-06-13T13:54:45.900,1556.15153,-34.24812155
2024-06-13T13:54:46.134,1556.15098,-34.2945706
2024-06-13T13:54:46.406,1556.15091,-34.37707136
2024-06-13T13:54:46.662,1556.15035,-34.2136079
2024-06-13T13:54:46.907,1556.1501,-34.2945706
2024-06-13T13:54:47.151,1556.15009,-34.27128398
2024-06-13T13:54:47.382,1556.14991,-34.19075024
2024-06-13T13:54:47.624,1556.15011,-34.24812155
2024-06-13T13:54:47.875,1556.14994,-34.24812155
2024-06-13T13:54:48.106,1530.55066,-37.98602876
2024-06-13T13:54:48.384,1530.3403,-38.21023053
2024-06-13T13:54:48.640,1530.30859,-38.09668302
2024-06-13T13:54:48.903,1530.30836,-38.18156412
2024-06-13T13:54:49.177,1530.30834,-38.26813732
2024-06-13T13:54:49.429,1530.30972,-37.07743929
2024-06-13T13:54:49.701,1556.55589,-34.13412695
2024-06-13T13:54:49.961,1556.55424,-34.07823243
2024-06-13T13:54:50.225,1556.55429,-34.08935393
2024-06-13T13:54:50.497,1556.55465,-34.27128398
2024-06-13T13:54:50.725,1556.55438,-34.06713933
2024-06-13T13:54:50.970,1556.55373,-34.2136079
2024-06-13T13:54:51.216,1556.55387,-34.25968732
2024-06-13T13:54:51.482,1556.55353,-34.225082
2024-06-13T13:54:51.712,1556.55371,-34.53457337
2024-06-13T13:54:51.945,1556.55385,-34.225082
2024-06-13T13:54:52.195,1556.55376,-34.44905551
2024-06-13T13:54:52.421,1556.55342,-34.38898616
2024-06-13T13:54:52.681,1556.55398,-34.3062609
2024-06-13T13:54:52.908,1556.55337,-36.98970004
2024-06-13T13:54:53.165,1530.62862,-38.38631998
2024-06-13T13:54:53.392,1530.73137,-38.32682665
2024-06-13T13:54:53.649,1531.7142,-38.06875402
2024-06-13T13:54:53.889,1530.62784,-38.23908741
2024-06-13T13:54:54.131,1530.62699,-38.18156412
2024-06-13T13:54:54.370,1529.68382,-38.04100348
2024-06-13T13:54:54.648,1556.98485,-34.15668776
2024-06-13T13:54:54.906,1556.97218,-34.03402904
2024-06-13T13:54:55.164,1556.96363,-34.1453927
2024-06-13T13:54:55.388,1556.96004,-33.96855627
2024-06-13T13:54:55.645,1556.95738,-34.31798276
2024-06-13T13:54:55.883,1556.95771,-34.42492798
2024-06-13T13:54:56.134,1556.95833,-34.34152181
2024-06-13T13:54:56.364,1556.95815,-34.69800302
2024-06-13T13:54:56.615,1556.95842,-34.59670525
2024-06-13T13:54:56.865,1556.95804,-34.60923901
2024-06-13T13:54:57.104,1556.95786,-34.48550002
2024-06-13T13:54:57.342,1556.95833,-34.48550002
2024-06-13T13:54:57.595,1556.95914,-34.24812155
2024-06-13T13:54:57.844,1556.95776,-36.34512015
2024-06-13T13:54:58.079,1531.01928,-38.26813732
2024-06-13T13:54:58.321,1530.29379,-38.12479279
2024-06-13T13:54:58.578,1531.25159,-38.09668302
2024-06-13T13:54:58.835,1532.57338,-38.01342913
2024-06-13T13:54:59.092,1530.30824,-38.23908741
2024-06-13T13:54:59.332,1530.30792,-38.06875402
2024-06-13T13:54:59.566,1531.39091,-37.93174124
2024-06-13T13:54:59.852,1531.06858,-37.90484985
2024-06-13T13:55:00.122,1531.06921,-37.90484985
2024-06-13T13:55:00.350,1531.30183,-34.07823243
2024-06-13T13:55:00.612,1557.36159,-34.07823243
2024-06-13T13:55:00.913,1557.36401,-33.34419009
2024-06-13T13:55:01.163,1557.36375,-33.2330639
2024-06-13T13:55:01.422,1557.36308,-33.31614083
2024-06-13T13:55:01.680,1557.36301,-33.6552273
2024-06-13T13:55:01.914,1557.36264,-33.60513511
2024-06-13T13:55:02.164,1557.36251,-33.55561411
2024-06-13T13:55:02.396,1557.36225,-33.5261703
2024-06-13T13:55:02.654,1557.36219,-33.49692477
2024-06-13T13:55:02.885,1557.362,-35.11449283
2024-06-13T13:55:03.140,1532.14292,-38.18156412
2024-06-13T13:55:03.368,1530.97105,-37.93174124
2024-06-13T13:55:03.651,1531.39077,-38.01342913
2024-06-13T13:55:03.908,1531.39042,-37.98602876
2024-06-13T13:55:04.157,1531.3909,-37.85156152
2024-06-13T13:55:04.389,1531.38895,-37.30487056
2024-06-13T13:55:04.645,1557.7703,-33.04518324
2024-06-13T13:55:04.878,1557.76776,-33.30683119
2024-06-13T13:55:05.133,1557.76959,-33.35358024
2024-06-13T13:55:05.362,1557.76859,-33.11580178
2024-06-13T13:55:05.622,1557.76817,-33.28827157
2024-06-13T13:55:05.855,1557.76706,-33.2330639
2024-06-13T13:55:06.112,1557.76698,-33.36299075
2024-06-13T13:55:06.337,1557.76666,-33.18758763
2024-06-13T13:55:06.595,1557.7671,-33.29754147
2024-06-13T13:55:06.831,1557.76715,-33.49692477
2024-06-13T13:55:07.071,1557.76701,-33.26979093
2024-06-13T13:55:07.307,1557.76665,-33.20572103
2024-06-13T13:55:07.558,1557.76763,-33.45823458
2024-06-13T13:55:07.805,1557.76759,-33.74687549
2024-06-13T13:55:08.033,1530.61879,-38.35647144
2024-06-13T13:55:08.275,1531.18422,-38.38631998
2024-06-13T13:55:08.508,1531.23957,-38.06875402
2024-06-13T13:55:08.781,1530.30776,-38.18156412
2024-06-13T13:55:09.031,1531.18439,-38.18156412
2024-06-13T13:55:09.302,1531.3899,-37.95880017
2024-06-13T13:55:09.537,1531.23967,-37.3754891
2024-06-13T13:55:09.819,1558.18763,-33.11580178
2024-06-13T13:55:10.093,1558.17854,-33.19664487
2024-06-13T13:55:10.321,1558.17495,-33.00162274
2024-06-13T13:55:10.566,1558.1722,-33.10691141
2024-06-13T13:55:10.811,1558.17216,-33.05394801
2024-06-13T13:55:11.097,1558.17215,-33.16952962
2024-06-13T13:55:11.321,1558.1722,-32.98432015
2024-06-13T13:55:11.557,1558.17176,-33.2330639
2024-06-13T13:55:11.801,1558.17168,-33.25138859
2024-06-13T13:55:12.060,1558.17192,-33.26058001
2024-06-13T13:55:12.291,1558.17283,-33.44861565
2024-06-13T13:55:12.528,1558.17268,-33.37242168
2024-06-13T13:55:12.776,1558.17235,-33.22393047
2024-06-13T13:55:13.003,1558.17265,-33.20572103
2024-06-13T13:55:13.253,1529.66394,-38.15308569
2024-06-13T13:55:13.485,1529.85197,-38.09668302
2024-06-13T13:55:13.753,1531.39074,-38.12479279
2024-06-13T13:55:14.003,1531.67024,-38.01342913
2024-06-13T13:55:14.272,1531.66999,-38.23908741
2024-06-13T13:55:14.527,1531.18612,-38.06875402
2024-06-13T13:55:14.788,1531.48214,-38.01342913
2024-06-13T13:55:15.056,1531.48059,-38.21023053
2024-06-13T13:55:15.306,1531.91829,-33.41035157
2024-06-13T13:55:15.571,1558.57725,-33.41035157
2024-06-13T13:55:15.843,1558.57809,-33.28827157
2024-06-13T13:55:16.093,1558.5781,-33.28827157
2024-06-13T13:55:16.333,1558.57764,-33.400838
2024-06-13T13:55:16.605,1558.57721,-33.34419009
2024-06-13T13:55:16.830,1558.57702,-33.22393047
2024-06-13T13:55:17.081,1558.57722,-33.45823458
2024-06-13T13:55:17.309,1558.5771,-33.42944147
2024-06-13T13:55:17.570,1558.57674,-33.46787486
2024-06-13T13:55:17.805,1558.57665,-33.44861565
2024-06-13T13:55:18.064,1530.61842,-38.23908741
2024-06-13T13:55:18.289,1530.61999,-38.29738285
2024-06-13T13:55:18.547,1531.14404,-38.09668302
2024-06-13T13:55:18.812,1531.46168,-38.12479279
2024-06-13T13:55:19.087,1530.30814,-38.23908741
2024-06-13T13:55:19.319,1531.24213,-37.54487332
2024-06-13T13:55:19.580,1558.98689,-33.6552273
2024-06-13T13:55:19.812,1558.98354,-33.55561411
2024-06-13T13:55:20.070,1558.98511,-33.68556231
2024-06-13T13:55:20.297,1558.98374,-33.72634143
2024-06-13T13:55:20.560,1558.98281,-33.53596274
2024-06-13T13:55:20.791,1558.98246,-33.25138859
2024-06-13T13:55:21.046,1558.98248,-33.6251027
2024-06-13T13:55:21.278,1558.98251,-33.51639989
2024-06-13T13:55:21.548,1558.98219,-33.6552273
2024-06-13T13:55:21.783,1558.98235,-33.88276692
2024-06-13T13:55:22.039,1558.9825,-33.78823718
2024-06-13T13:55:22.268,1558.98228,-33.63512104
2024-06-13T13:55:22.553,1558.98301,-33.70590401
2024-06-13T13:55:22.814,1558.98287,-33.85102784
2024-06-13T13:55:23.084,1558.98507,-37.90484985
2024-06-13T13:55:23.359,1531.23781,-38.12479279
2024-06-13T13:55:23.629,1529.68434,-38.01342913
2024-06-13T13:55:23.922,1532.57159,-38.12479279
2024-06-13T13:55:24.218,1531.39097,-38.06875402
2024-06-13T13:55:24.497,1531.39123,-37.14442691
2024-06-13T13:55:24.789,1531.81874,-37.0333481
2024-06-13T13:55:25.055,1559.41487,-33.03643611
2024-06-13T13:55:25.367,1559.39037,-32.83996656
2024-06-13T13:55:25.594,1559.38954,-32.74905479
2024-06-13T13:55:25.838,1559.38837,-32.76544328
2024-06-13T13:55:26.095,1559.38811,-32.62012674
2024-06-13T13:55:26.352,1559.38857,-32.66000713
2024-06-13T13:55:26.580,1559.38791,-32.94992041
2024-06-13T13:55:26.835,1559.38809,-32.68411235
2024-06-13T13:55:27.078,1559.38815,-32.8567024
2024-06-13T13:55:27.332,1559.38844,-32.86509457
2024-06-13T13:55:27.563,1559.38842,-32.96708622
2024-06-13T13:55:27.810,1559.38859,-36.61543506
2024-06-13T13:55:28.058,1531.39187,-38.35647144
2024-06-13T13:55:28.294,1531.39177,-38.18156412
2024-06-13T13:55:28.534,1531.38992,-38.15308569
2024-06-13T13:55:28.809,1531.39055,-38.01342913
2024-06-13T13:55:29.073,1530.28925,-38.18156412
2024-06-13T13:55:29.351,1529.68481,-37.79891912
2024-06-13T13:55:29.578,1531.24094,-37.79891912
2024-06-13T13:55:29.828,1531.39034,-37.98602876
2024-06-13T13:55:30.087,1531.39049,-38.01342913
2024-06-13T13:55:30.360,1559.794,-32.62012674
2024-06-13T13:55:30.592,1559.79505,-32.57274869
2024-06-13T13:55:30.832,1559.79486,-32.49491605
2024-06-13T13:55:31.071,1559.79485,-32.69217724
2024-06-13T13:55:31.358,1559.79439,-32.644011
2024-06-13T13:55:31.606,1559.79408,-32.58060922
2024-06-13T13:55:31.864,1559.79392,-32.66802735
2024-06-13T13:55:32.102,1559.79395,-32.52588192
2024-06-13T13:55:32.362,1559.79335,-32.7572413
2024-06-13T13:55:32.597,1559.79364,-32.66000713
2024-06-13T13:55:32.841,1559.79367,-32.62012674
2024-06-13T13:55:33.074,1559.79342,-35.27243551
2024-06-13T13:55:33.344,1531.58906,-38.18156412
2024-06-13T13:55:33.576,1530.31046,-38.09668302
2024-06-13T13:55:33.820,1530.31271,-38.12479279
2024-06-13T13:55:34.056,1530.11249,-37.98602876
2024-06-13T13:55:34.346,1560.22011,-35.96879479
2024-06-13T13:55:34.608,1560.213,-32.57274869
2024-06-13T13:55:34.843,1560.20045,-32.62012674
2024-06-13T13:55:35.080,1560.2006,-32.44887734
2024-06-13T13:55:35.350,1560.19938,-32.60427656
2024-06-13T13:55:35.585,1560.20003,-32.55707017
2024-06-13T13:55:35.825,1560.1995,-32.38072162
2024-06-13T13:55:36.059,1560.19937,-32.39577517
2024-06-13T13:55:36.329,1560.1992,-32.56490235
2024-06-13T13:55:36.560,1560.19927,-32.58060922
2024-06-13T13:55:36.799,1560.19903,-32.66000713
2024-06-13T13:55:37.037,1560.19916,-32.60427656
2024-06-13T13:55:37.311,1560.19892,-32.6520017
2024-06-13T13:55:37.537,1560.19945,-32.62012674
2024-06-13T13:55:37.777,1560.19916,-32.69217724
2024-06-13T13:55:38.021,1560.19933,-33.91473966
2024-06-13T13:55:38.288,1529.68408,-38.01342913
2024-06-13T13:55:38.517,1530.98312,-38.06875402
2024-06-13T13:55:38.752,1531.39016,-37.93174124
2024-06-13T13:55:39.005,1531.38679,-37.82516056
2024-06-13T13:55:39.238,1531.38938,-37.95880017
2024-06-13T13:55:39.500,1530.30689,-37.98602876
2024-06-13T13:55:39.758,1530.30936,-37.95880017
2024-06-13T13:55:40.025,1530.98341,-38.18156412
2024-06-13T13:55:40.302,1531.3901,-37.82516056
2024-06-13T13:55:40.561,1560.58667,-35.65431096
2024-06-13T13:55:40.842,1560.59015,-32.76544328
2024-06-13T13:55:41.105,1560.59463,-32.63603498
2024-06-13T13:55:41.347,1560.59785,-32.58060922
2024-06-13T13:55:41.599,1560.6015,-32.72458743
2024-06-13T13:55:41.846,1560.60778,-32.89036881
2024-06-13T13:55:42.109,1560.60773,-32.82329497
2024-06-13T13:55:42.347,1560.60786,-32.84832642
2024-06-13T13:55:42.619,1560.60705,-32.86509457
2024-06-13T13:55:42.845,1560.60702,-33.03643611
2024-06-13T13:55:43.082,1530.07474,-38.01342913
2024-06-13T13:55:43.326,1530.61884,-38.26813732
2024-06-13T13:55:43.593,1531.38961,-37.95880017
2024-06-13T13:55:43.823,1530.99117,-37.90484985
2024-06-13T13:55:44.082,1531.39003,-38.01342913
2024-06-13T13:55:44.345,1529.6365,-37.0333481
2024-06-13T13:55:44.620,1561.01094,-33.45823458
2024-06-13T13:55:44.882,1561.01242,-33.15154638
2024-06-13T13:55:45.141,1561.01179,-33.28827157
2024-06-13T13:55:45.376,1561.01112,-33.17854924
2024-06-13T13:55:45.627,1561.01083,-33.08034897
2024-06-13T13:55:45.861,1561.01071,-33.16052869
2024-06-13T13:55:46.119,1561.011,-33.29754147
2024-06-13T13:55:46.371,1561.01113,-33.30683119
2024-06-13T13:55:46.626,1561.0112,-33.03643611
2024-06-13T13:55:46.861,1561.01133,-33.28827157
2024-06-13T13:55:47.120,1561.01131,-33.42944147
2024-06-13T13:55:47.349,1561.01124,-33.37242168
2024-06-13T13:55:47.605,1561.01163,-33.19664487
2024-06-13T13:55:47.834,1561.01153,-33.60513511
2024-06-13T13:55:48.095,1530.61897,-38.38631998
2024-06-13T13:55:48.327,1531.39084,-38.15308569
2024-06-13T13:55:48.585,1530.759,-38.09668302
2024-06-13T13:55:48.841,1531.391,-38.04100348
2024-06-13T13:55:49.124,1529.68365,-37.87812396
2024-06-13T13:55:49.377,1530.30661,-37.01146924
2024-06-13T13:55:49.643,1561.43398,-32.82329497
2024-06-13T13:55:49.919,1561.42205,-32.87350298
2024-06-13T13:55:50.164,1561.4204,-32.69217724
2024-06-13T13:55:50.407,1561.41869,-32.7572413
2024-06-13T13:55:50.643,1561.4184,-32.71646218
2024-06-13T13:55:50.913,1561.41821,-32.74905479
2024-06-13T13:55:51.140,1561.41844,-32.79840697
2024-06-13T13:55:51.385,1561.41853,-32.8567024
2024-06-13T13:55:51.628,1561.41819,-32.71646218
2024-06-13T13:55:51.895,1561.41829,-32.79840697
2024-06-13T13:55:52.125,1561.4188,-32.95849483
2024-06-13T13:55:52.390,1561.41856,-32.92429824
2024-06-13T13:55:52.628,1561.41864,-33.03643611
2024-06-13T13:55:52.895,1529.68489,-38.15308569
2024-06-13T13:55:53.124,1530.07526,-38.23908741
2024-06-13T13:55:53.362,1531.39048,-37.95880017
2024-06-13T13:55:53.609,1531.39056,-37.90484985
2024-06-13T13:55:53.873,1531.39037,-38.01342913
2024-06-13T13:55:54.121,1531.39029,-37.95880017
2024-06-13T13:55:54.393,1531.38988,-38.01342913
2024-06-13T13:55:54.653,1532.3323,-37.09965389
2024-06-13T13:55:54.937,1561.84059,-32.069084
2024-06-13T13:55:55.210,1561.83173,-31.97910742
2024-06-13T13:55:55.438,1561.82746,-31.9314197
2024-06-13T13:55:55.682,1561.82564,-32.02040356
2024-06-13T13:55:55.928,1561.82578,-31.91114133
2024-06-13T13:55:56.193,1561.82488,-31.73925197
2024-06-13T13:55:56.422,1561.82506,-32.00659451
2024-06-13T13:55:56.660,1561.82494,-31.93820026
2024-06-13T13:55:56.875,1561.82511,-31.89095719
2024-06-13T13:55:57.062,1561.82438,-32.16811309
2024-06-13T13:55:57.269,1561.82643,-32.11831629
2024-06-13T13:55:57.466,1561.82578,-32.14670165
2024-06-13T13:55:57.658,1561.82584,-32.14670165
2024-06-13T13:55:57.863,1531.69015,-38.18156412
2024-06-13T13:55:58.073,1529.68467,-38.04100348
2024-06-13T13:55:58.284,1529.6843,-38.15308569
2024-06-13T13:55:58.528,1531.58916,-38.15308569
2024-06-13T13:55:58.798,1531.24264,-37.98602876
2024-06-13T13:55:59.039,1531.39002,-37.98602876
2024-06-13T13:55:59.295,1531.39023,-37.90484985
2024-06-13T13:55:59.567,1531.39074,-37.90484985
2024-06-13T13:55:59.803,1531.25014,-38.09668302
2024-06-13T13:56:00.085,1530.3073,-37.64471553
2024-06-13T13:56:00.320,1562.23515,-34.28291168
2024-06-13T13:56:00.569,1562.23354,-31.95179321
2024-06-13T13:56:00.833,1562.23355,-31.65579296
2024-06-13T13:56:01.061,1562.23334,-31.75223538
2024-06-13T13:56:01.306,1562.23332,-31.81114585
2024-06-13T13:56:01.563,1562.23287,-31.79798541
2024-06-13T13:56:01.798,1562.23281,-31.64943898
2024-06-13T13:56:02.049,1562.23232,-31.73925197
2024-06-13T13:56:02.301,1562.23234,-31.79142011
2024-06-13T13:56:02.550,1562.23259,-31.91114133
2024-06-13T13:56:02.807,1562.23224,-31.81774106
2024-06-13T13:56:03.044,1562.23591,-37.39928612
2024-06-13T13:56:03.302,1531.58894,-38.01342913
2024-06-13T13:56:03.583,1530.75646,-38.01342913
2024-06-13T13:56:03.839,1531.46031,-37.98602876
2024-06-13T13:56:04.094,1531.24324,-38.01342913
2024-06-13T13:56:04.377,1531.68893,-37.90484985
2024-06-13T13:56:04.612,1531.68866,-37.93174124
2024-06-13T13:56:04.861,1531.68878,-37.87812396
2024-06-13T13:56:05.094,1531.68843,-37.85156152
2024-06-13T13:56:05.350,1562.65888,-35.5129368
2024-06-13T13:56:05.583,1562.65014,-31.91114133
2024-06-13T13:56:05.840,1562.63983,-31.8243463
2024-06-13T13:56:06.066,1562.63864,-31.84422252
2024-06-13T13:56:06.328,1562.63823,-31.81114585
2024-06-13T13:56:06.564,1562.63815,-31.86419011
2024-06-13T13:56:06.816,1562.63815,-31.87086643
2024-06-13T13:56:07.039,1562.63801,-31.88424994
2024-06-13T13:56:07.289,1562.63753,-31.87086643
2024-06-13T13:56:07.535,1562.63777,-31.73925197
2024-06-13T13:56:07.773,1562.63774,-31.95860568
2024-06-13T13:56:08.014,1562.63597,-35.90066877
2024-06-13T13:56:08.268,1530.30777,-37.90484985
2024-06-13T13:56:08.519,1529.65719,-38.09668302
2024-06-13T13:56:08.787,1530.30691,-38.15308569
2024-06-13T13:56:09.039,1531.23869,-38.04100348
2024-06-13T13:56:09.275,1530.30695,-37.93174124
2024-06-13T13:56:09.556,1563.03443,-36.03800653
2024-06-13T13:56:09.832,1563.0282,-32.52588192
2024-06-13T13:56:10.061,1563.03027,-32.31361899
2024-06-13T13:56:10.324,1563.04015,-32.41845378
2024-06-13T13:56:10.558,1563.04358,-32.2184875
2024-06-13T13:56:10.815,1563.04744,-32.44125144
2024-06-13T13:56:11.041,1563.0501,-32.10419288
2024-06-13T13:56:11.299,1563.04994,-32.37321436
2024-06-13T13:56:11.538,1563.0497,-32.42603971
2024-06-13T13:56:11.792,1563.04958,-32.33587153
2024-06-13T13:56:12.020,1563.04886,-32.23298816
2024-06-13T13:56:12.273,1563.04823,-32.47183569
2024-06-13T13:56:12.520,1563.04797,-32.36572006
2024-06-13T13:56:12.760,1563.04812,-32.43363892
2024-06-13T13:56:13.020,1563.04742,-34.94850022
2024-06-13T13:56:13.265,1531.2414,-37.85156152
2024-06-13T13:56:13.532,1530.99358,-38.01342913
2024-06-13T13:56:13.807,1530.97896,-38.09668302
2024-06-13T13:56:14.072,1531.24169,-37.6700389
2024-06-13T13:56:14.330,1563.45432,-33.01899454
2024-06-13T13:56:14.565,1563.45494,-32.77366077
2024-06-13T13:56:14.821,1563.4544,-32.915791
2024-06-13T13:56:15.049,1563.45407,-32.73272791
2024-06-13T13:56:15.311,1563.45381,-32.7083521
2024-06-13T13:56:15.543,1563.45327,-32.69217724
2024-06-13T13:56:15.803,1563.45378,-32.74088368
2024-06-13T13:56:16.030,1563.45364,-32.55707017
2024-06-13T13:56:16.303,1563.45385,-32.79840697
2024-06-13T13:56:16.551,1563.45371,-32.79840697
2024-06-13T13:56:16.805,1563.45379,-32.74905479
2024-06-13T13:56:17.033,1563.4541,-32.82329497
2024-06-13T13:56:17.298,1563.4542,-32.77366077
2024-06-13T13:56:17.529,1563.45504,-32.83162277
2024-06-13T13:56:17.789,1563.45492,-32.88192771
2024-06-13T13:56:18.014,1563.45431,-33.90405591
2024-06-13T13:56:18.274,1530.28893,-38.09668302
2024-06-13T13:56:18.535,1531.38842,-37.98602876
2024-06-13T13:56:18.811,1530.99523,-37.98602876
2024-06-13T13:56:19.081,1531.38983,-37.74690718
2024-06-13T13:56:19.347,1531.80223,-36.90369833
2024-06-13T13:56:19.615,1563.87581,-32.6520017
2024-06-13T13:56:19.872,1563.86556,-32.6520017
2024-06-13T13:56:20.132,1563.86476,-32.52588192
2024-06-13T13:56:20.365,1563.86354,-32.58848401
2024-06-13T13:56:20.622,1563.86324,-32.47183569
2024-06-13T13:56:20.856,1563.86259,-32.52588192
2024-06-13T13:56:21.114,1563.86255,-32.53365801
2024-06-13T13:56:21.336,1563.86197,-32.644011
2024-06-13T13:56:21.596,1563.86244,-32.7083521
2024-06-13T13:56:21.833,1563.86227,-32.54144805
2024-06-13T13:56:22.089,1563.86229,-32.73272791
2024-06-13T13:56:22.313,1563.86236,-32.66000713
2024-06-13T13:56:22.568,1563.86305,-32.78189385
2024-06-13T13:56:22.813,1563.86259,-32.7083521
2024-06-13T13:56:23.060,1529.68378,-38.15308569
2024-06-13T13:56:23.315,1529.7079,-38.18156412
2024-06-13T13:56:23.575,1531.58843,-37.90484985
2024-06-13T13:56:23.833,1530.31248,-38.09668302
2024-06-13T13:56:24.111,1530.31222,-38.04100348
2024-06-13T13:56:24.342,1530.31233,-38.04100348
2024-06-13T13:56:24.595,1530.312,-38.04100348
2024-06-13T13:56:24.827,1530.31219,-37.98602876
2024-06-13T13:56:25.099,1531.24155,-37.82516056
2024-06-13T13:56:25.327,1531.24146,-37.79891912
2024-06-13T13:56:25.571,1530.30726,-38.04100348
2024-06-13T13:56:25.810,1532.14331,-38.21023053
2024-06-13T13:56:26.078,1531.49121,-37.87812396
2024-06-13T13:56:26.309,1531.48836,-37.16698771
2024-06-13T13:56:26.575,1531.37644,-32.18244625
2024-06-13T13:56:26.800,1564.24981,-32.18244625
2024-06-13T13:56:27.089,1564.25905,-32.07608311
2024-06-13T13:56:27.318,1564.26261,-31.94499142
2024-06-13T13:56:27.561,1564.26637,-31.9314197
2024-06-13T13:56:27.802,1564.27026,-32.23298816
2024-06-13T13:56:28.073,1531.14339,-37.98602876
2024-06-13T13:56:28.301,1531.24181,-38.15308569
2024-06-13T13:56:28.540,1531.24167,-37.82516056
2024-06-13T13:56:28.786,1531.24093,-37.79891912
2024-06-13T13:56:29.051,1531.2408,-37.95880017
2024-06-13T13:56:29.282,1531.74738,-37.09965389
2024-06-13T13:56:29.539,1564.67879,-31.85086819
2024-06-13T13:56:29.803,1564.67973,-31.59893906
2024-06-13T13:56:30.058,1564.6792,-31.63675884
2024-06-13T13:56:30.303,1564.67865,-31.38465589
2024-06-13T13:56:30.542,1564.67851,-31.44480844
2024-06-13T13:56:30.785,1564.67884,-31.5739076
2024-06-13T13:56:31.053,1564.67877,-31.5490196
2024-06-13T13:56:31.285,1564.67878,-31.56767222
2024-06-13T13:56:31.536,1564.6783,-31.5739076
2024-06-13T13:56:31.780,1564.67825,-31.45086978
2024-06-13T13:56:32.041,1564.67882,-31.65579296
2024-06-13T13:56:32.271,1564.67876,-31.59266765
2024-06-13T13:56:32.503,1564.67912,-31.70053304
2024-06-13T13:56:32.751,1564.67917,-31.69411331
2024-06-13T13:56:32.987,1564.67864,-31.65579296
2024-06-13T13:56:33.235,1531.24171,-38.38631998
2024-06-13T13:56:33.478,1531.24187,-37.6700389
2024-06-13T13:56:33.762,1530.99372,-37.82516056
2024-06-13T13:56:34.031,1531.24078,-38.18156412
2024-06-13T13:56:34.262,1531.24171,-38.29738285
2024-06-13T13:56:34.529,1531.242,-38.09668302
2024-06-13T13:56:34.773,1531.68678,-37.77283529
2024-06-13T13:56:35.046,1531.68827,-37.85156152
2024-06-13T13:56:35.309,1530.61819,-37.93174124
2024-06-13T13:56:35.568,1565.0945,-31.9859629
2024-06-13T13:56:35.800,1565.0848,-32.01349355
2024-06-13T13:56:36.056,1565.08673,-32.02040356
2024-06-13T13:56:36.285,1565.08662,-32.11124884
2024-06-13T13:56:36.548,1565.08555,-31.95860568
2024-06-13T13:56:36.782,1565.08506,-31.92464972
2024-06-13T13:56:37.038,1565.08509,-31.79142011
2024-06-13T13:56:37.263,1565.08476,-32.03425667
2024-06-13T13:56:37.520,1565.08554,-32.00659451
2024-06-13T13:56:37.758,1565.08537,-32.05511953
2024-06-13T13:56:38.010,1565.08732,-37.30487056
2024-06-13T13:56:38.261,1531.24069,-37.93174124
2024-06-13T13:56:38.520,1529.64675,-37.95880017
2024-06-13T13:56:38.780,1531.68831,-37.87812396
2024-06-13T13:56:39.034,1529.64635,-37.98602876
2024-06-13T13:56:39.266,1530.31442,-38.01342913
2024-06-13T13:56:39.551,1531.37511,-36.88246139
2024-06-13T13:56:39.806,1565.47703,-32.20403509
2024-06-13T13:56:40.078,1565.47808,-32.11831629
2024-06-13T13:56:40.320,1565.48182,-32.069084
2024-06-13T13:56:40.570,1565.49194,-31.77831921
2024-06-13T13:56:40.806,1565.49602,-31.92464972
2024-06-13T13:56:41.056,1565.49858,-32.05511953
2024-06-13T13:56:41.291,1565.49804,-32.01349355
2024-06-13T13:56:41.539,1565.49799,-32.02732459
2024-06-13T13:56:41.768,1565.498,-32.02732459
2024-06-13T13:56:42.034,1565.49726,-32.13248578
2024-06-13T13:56:42.268,1565.49722,-32.09011525
2024-06-13T13:56:42.511,1565.49634,-32.05511953
2024-06-13T13:56:42.746,1565.4964,-32.11124884
2024-06-13T13:56:43.020,1529.64682,-38.09668302
2024-06-13T13:56:43.246,1530.28918,-38.15308569
2024-06-13T13:56:43.490,1531.39,-37.85156152
2024-06-13T13:56:43.733,1531.49136,-38.01342913
2024-06-13T13:56:44.022,1529.68638,-37.61953897
2024-06-13T13:56:44.276,1531.75492,-36.90369833
2024-06-13T13:56:44.537,1565.90457,-32.06209615
2024-06-13T13:56:44.797,1565.90542,-31.95179321
2024-06-13T13:56:45.058,1565.90454,-31.80456064
2024-06-13T13:56:45.308,1565.90437,-31.75874166
2024-06-13T13:56:45.540,1565.90401,-31.70696227
2024-06-13T13:56:45.791,1565.90413,-31.8243463
2024-06-13T13:56:46.039,1565.90428,-31.75223538
2024-06-13T13:56:46.282,1565.90451,-31.90440285
2024-06-13T13:56:46.541,1565.90393,-32.00659451
2024-06-13T13:56:46.785,1565.90425,-31.8243463
2024-06-13T13:56:47.034,1565.90469,-31.81774106
2024-06-13T13:56:47.269,1565.90456,-31.87755303
2024-06-13T13:56:47.519,1565.90448,-31.90440285
2024-06-13T13:56:47.773,1565.90486,-34.80172006
2024-06-13T13:56:48.022,1530.52632,-38.21023053
2024-06-13T13:56:48.256,1531.14357,-38.04100348
2024-06-13T13:56:48.499,1530.11132,-37.95880017
2024-06-13T13:56:48.763,1530.11017,-37.95880017
2024-06-13T13:56:49.046,1530.11031,-37.72113295
2024-06-13T13:56:49.299,1530.30588,-37.21246399
2024-06-13T13:56:49.529,1566.3307,-34.04503778
2024-06-13T13:56:49.782,1566.31504,-31.71984936
2024-06-13T13:56:50.028,1566.31552,-31.75874166
2024-06-13T13:56:50.271,1566.31494,-31.77178355
2024-06-13T13:56:50.510,1566.31351,-31.71984936
2024-06-13T13:56:50.755,1566.3136,-31.74573882
2024-06-13T13:56:51.005,1566.31374,-31.85752404
2024-06-13T13:56:51.237,1566.31357,-31.71340103
2024-06-13T13:56:51.489,1566.31354,-31.70696227
2024-06-13T13:56:51.722,1566.31331,-31.79142011
2024-06-13T13:56:51.994,1566.31304,-31.68130226
2024-06-13T13:56:52.226,1566.31342,-31.77178355
2024-06-13T13:56:52.471,1566.31374,-31.77831921
2024-06-13T13:56:52.706,1566.31369,-31.77831921
2024-06-13T13:56:52.971,1531.58858,-38.15308569
2024-06-13T13:56:53.199,1531.58841,-38.09668302
2024-06-13T13:56:53.439,1531.58828,-38.18156412
2024-06-13T13:56:53.683,1531.58843,-38.15308569
2024-06-13T13:56:53.952,1531.58814,-37.87812396
2024-06-13T13:56:54.192,1531.24278,-37.95880017
2024-06-13T13:56:54.471,1530.31328,-37.98602876
2024-06-13T13:56:54.703,1530.10994,-38.21023053
2024-06-13T13:56:54.993,1530.10984,-37.98602876
2024-06-13T13:56:55.263,1531.40725,-37.14442691
2024-06-13T13:56:55.513,1566.70809,-35.9345982
2024-06-13T13:56:55.793,1566.70174,-31.70696227
2024-06-13T13:56:56.042,1566.71231,-31.53662888
2024-06-13T13:56:56.299,1566.71568,-31.53662888
2024-06-13T13:56:56.525,1566.71983,-31.35488919
2024-06-13T13:56:56.789,1566.72558,-31.5864053
2024-06-13T13:56:57.022,1566.72518,-31.58015195
2024-06-13T13:56:57.279,1566.72539,-31.61780778
2024-06-13T13:56:57.509,1566.72552,-31.56144577
2024-06-13T13:56:57.767,1566.72461,-31.67491087
2024-06-13T13:56:58.006,1531.58804,-38.15308569
2024-06-13T13:56:58.260,1531.14428,-37.93174124
2024-06-13T13:56:58.489,1530.61796,-38.12479279
2024-06-13T13:56:58.741,1530.99479,-37.98602876
2024-06-13T13:56:58.989,1531.46041,-38.12479279
2024-06-13T13:56:59.264,1531.46176,-38.01342913
2024-06-13T13:56:59.490,1531.4613,-37.98602876
2024-06-13T13:56:59.745,1531.24136,-37.93174124
2024-06-13T13:57:00.009,1531.24152,-37.85156152
2024-06-13T13:57:00.266,1531.24066,-37.77283529
2024-06-13T13:57:00.493,1531.20479,-37.47146969
2024-06-13T13:57:00.772,1567.13036,-31.39063379
2024-06-13T13:57:01.024,1567.1316,-31.3667714
2024-06-13T13:57:01.286,1567.13241,-31.22628654
2024-06-13T13:57:01.534,1567.13168,-31.1407366
2024-06-13T13:57:01.790,1567.13073,-31.22628654
2024-06-13T13:57:02.017,1567.13058,-31.21478204
2024-06-13T13:57:02.271,1567.13084,-31.39661993
2024-06-13T13:57:02.493,1567.13039,-31.24360063
2024-06-13T13:57:02.750,1567.13084,-31.23205024
2024-06-13T13:57:02.985,1567.13052,-31.23782159
2024-06-13T13:57:03.234,1567.13059,-31.37272472
2024-06-13T13:57:03.460,1567.13045,-31.29011186
2024-06-13T13:57:03.710,1567.13071,-31.35488919
2024-06-13T13:57:03.954,1567.13122,-31.3667714
2024-06-13T13:57:04.183,1567.13178,-31.30181792
2024-06-13T13:57:04.432,1567.13206,-31.49966742
2024-06-13T13:57:04.679,1567.13186,-31.49353765
2024-06-13T13:57:04.942,1567.13158,-31.59266765
2024-06-13T13:57:05.170,1567.13153,-31.59893906
2024-06-13T13:57:05.406,1567.13153,-31.53044675
2024-06-13T13:57:05.635,1567.13161,-31.59266765
2024-06-13T13:57:05.901,1567.13151,-31.66852888
2024-06-13T13:57:06.125,1567.13145,-31.84422252
2024-06-13T13:57:06.353,1567.13134,-31.70053304
2024-06-13T13:57:06.600,1567.13151,-31.75223538
2024-06-13T13:57:06.843,1567.13153,-31.92464972
2024-06-13T13:57:07.080,1567.1318,-31.84422252
2024-06-13T13:57:07.308,1567.13173,-32.0481541
2024-06-13T13:57:07.562,1567.13193,-31.71340103
2024-06-13T13:57:07.786,1567.13163,-31.90440285
2024-06-13T13:57:08.036,1567.13101,-31.85752404
2024-06-13T13:57:08.278,1567.13122,-31.9859629
2024-06-13T13:57:08.513,1567.13121,-31.9314197
2024-06-13T13:57:08.748,1567.13149,-32.13248578
2024-06-13T13:57:09.002,1567.13146,-32.02732459
2024-06-13T13:57:09.247,1567.13122,-32.14670165
2024-06-13T13:57:09.480,1567.13175,-32.13248578
2024-06-13T13:57:09.722,1567.13156,-32.00659451
2024-06-13T13:57:09.956,1567.13142,-31.97226275
2024-06-13T13:57:10.228,1567.1314,-32.04119983
2024-06-13T13:57:10.451,1567.13155,-32.0481541
2024-06-13T13:57:10.693,1567.13145,-32.13248578
2024-06-13T13:57:10.937,1567.13138,-32.21125528
2024-06-13T13:57:11.201,1567.13169,-32.11124884
2024-06-13T13:57:11.430,1567.1322,-32.069084
2024-06-13T13:57:11.669,1567.13206,-32.15382707
2024-06-13T13:57:11.916,1567.13164,-32.0481541
2024-06-13T13:57:12.151,1567.13122,-32.2475374
2024-06-13T13:57:12.404,1567.13137,-32.11124884
2024-06-13T13:57:12.656,1567.13172,-32.05511953
2024-06-13T13:57:12.904,1567.13123,-32.22573178
2024-06-13T13:57:13.139,1567.13144,-32.10419288
2024-06-13T13:57:13.386,1567.13139,-32.20403509
2024-06-13T13:57:13.615,1567.13157,-32.15382707
2024-06-13T13:57:13.886,1567.13192,-32.02732459
2024-06-13T13:57:14.115,1567.13195,-32.13248578
2024-06-13T13:57:14.360,1567.131,-32.16811309
2024-06-13T13:57:14.596,1567.13116,-32.08309351
2024-06-13T13:57:14.883,1567.13131,-32.06209615
2024-06-13T13:57:15.118,1567.1315,-32.06209615
2024-06-13T13:57:15.362,1567.13129,-32.0481541
2024-06-13T13:57:15.598,1567.13189,-31.94499142
2024-06-13T13:57:15.869,1567.13102,-32.02732459
2024-06-13T13:57:16.097,1567.13109,-31.95860568
2024-06-13T13:57:16.360,1567.1312,-31.99282922
2024-06-13T13:57:16.602,1567.1316,-32.24025669
2024-06-13T13:57:16.875,1567.13116,-32.13248578
2024-06-13T13:57:17.106,1567.13152,-32.02732459
2024-06-13T13:57:17.348,1567.13128,-32.03425667
